Price,Adj Close,Close,High,Low,Open,Volume
Ticker,QQQ,QQQ,QQQ,QQQ,QQQ,QQQ
Date,,,,,,
2017-01-03,112.15731811523438,119.54000091552734,119.98999786376953,118.88999938964844,119.2699966430664,22307600
2017-01-04,112.76718139648438,120.19000244140625,120.41000366210938,119.66000366210938,119.66999816894531,19749100
2017-01-05,113.40519714355469,120.87000274658203,120.94999694824219,120.0999984741211,120.0999984741211,20644300
2017-01-06,114.39969635009766,121.93000030517578,122.25,120.69000244140625,121.0,24074300
2017-01-09,114.77499389648438,122.33000183105469,122.55000305175781,121.94999694824219,122.02999877929688,18909200
2017-01-10,115.02833557128906,122.5999984741211,122.97000122070312,122.0999984741211,122.37999725341797,16176600
2017-01-11,115.33796691894531,122.93000030517578,122.93000030517578,122.0199966430664,122.6500015258789,20686000
2017-01-12,115.15967559814453,122.73999786376953,122.81999969482422,121.5999984741211,122.48999786376953,19622500
2017-01-13,115.55375671386719,123.16000366210938,123.37000274658203,122.80000305175781,122.80000305175781,16930800
2017-01-17,115.20658874511719,122.79000091552734,123.02999877929688,122.43000030517578,122.83999633789062,14538500
2017-01-18,115.441162109375,123.04000091552734,123.16000366210938,122.66000366210938,122.97000122070312,12499700
2017-01-19,115.3848648071289,122.9800033569336,123.6500015258789,122.72000122070312,123.22000122070312,12710700
2017-01-20,115.63818359375,123.25,123.83000183105469,122.91999816894531,123.5199966430664,22091000
2017-01-23,115.73202514648438,123.3499984741211,123.52999877929688,122.56999969482422,123.16999816894531,17434200
2017-01-24,116.5107650756836,124.18000030517578,124.37000274658203,123.37999725341797,123.58999633789062,17640900
2017-01-25,117.68356323242188,125.43000030517578,125.45999908447266,124.8499984741211,124.95999908447266,15036200
2017-01-26,117.80552673339844,125.55999755859375,125.81999969482422,125.33999633789062,125.5999984741211,16052200
2017-01-27,118.03070068359375,125.80000305175781,125.91999816894531,125.38999938964844,125.83000183105469,15053000
2017-01-30,117.11124420166016,124.81999969482422,125.37999725341797,124.12999725341797,125.37999725341797,25006700
2017-01-31,116.87667083740234,124.56999969482422,124.5999984741211,123.8499984741211,124.37999725341797,19091100
2017-02-01,117.68356323242188,125.43000030517578,125.68000030517578,124.86000061035156,125.44999694824219,22861900
2017-02-02,117.58035278320312,125.31999969482422,125.69999694824219,124.86000061035156,125.20999908447266,15101400
2017-02-03,117.91814422607422,125.68000030517578,125.80999755859375,125.33000183105469,125.44999694824219,16957200
2017-02-06,118.0588607788086,125.83000183105469,125.8499984741211,125.3499984741211,125.47000122070312,11630100
2017-02-07,118.49042510986328,126.29000091552734,126.55000305175781,125.97000122070312,126.08999633789062,17541100
2017-02-08,118.6874771118164,126.5,126.68000030517578,125.87999725341797,126.12000274658203,12569100
2017-02-09,119.11907958984375,126.95999908447266,127.23999786376953,126.55999755859375,126.62999725341797,17542700
2017-02-10,119.51314544677734,127.37999725341797,127.55999755859375,127.0199966430664,127.23999786376953,13915700
2017-02-13,120.18866729736328,128.10000610351562,128.25999450683594,127.72000122070312,127.7699966430664,19120200
2017-02-14,120.59211730957031,128.52999877929688,128.5399932861328,127.73999786376953,128.14999389648438,16333500
2017-02-15,121.30514526367188,129.2899932861328,129.35000610351562,128.3699951171875,128.44000244140625,17891400
2017-02-16,121.26762390136719,129.25,129.6300048828125,128.9199981689453,129.3699951171875,15098300
2017-02-17,121.7930679321289,129.80999755859375,129.82000732421875,129.0399932861328,129.05999755859375,15563700
2017-02-21,122.39350891113281,130.4499969482422,130.52999877929688,129.99000549316406,130.05999755859375,18479600
2017-02-22,122.4404525756836,130.5,130.58999633789062,130.11000061035156,130.3300018310547,12110900
2017-02-23,121.9806900024414,130.00999450683594,130.6999969482422,129.49000549316406,130.6999969482422,17489000
2017-02-24,122.21525573730469,130.25999450683594,130.25999450683594,129.3800048828125,129.4199981689453,18624500
2017-02-27,122.36534881591797,130.4199981689453,130.42999267578125,129.8000030517578,130.02000427246094,12008700
2017-02-28,121.9901123046875,130.02000427246094,130.4499969482422,129.66000366210938,130.38999938964844,16598600
2017-03-01,123.32237243652344,131.44000244140625,131.67999267578125,130.60000610351562,130.85000610351562,25813800
2017-03-02,122.70315551757812,130.77999877929688,131.42999267578125,130.6199951171875,131.41000366210938,19951400
2017-03-03,122.92830657958984,131.02000427246094,131.05999755859375,130.33999633789062,130.69000244140625,13722700
2017-03-06,122.65624237060547,130.72999572753906,130.9499969482422,130.2100067138672,130.58999633789062,12026200
2017-03-07,122.44979095458984,130.50999450683594,131.0800018310547,130.27999877929688,130.47000122070312,15500900
2017-03-08,122.66563415527344,130.74000549316406,131.14999389648438,130.4600067138672,130.58999633789062,15776000
2017-03-09,122.75946044921875,130.83999633789062,131.02000427246094,130.13999938964844,130.7100067138672,20855300
2017-03-10,123.2754898071289,131.38999938964844,131.60000610351562,130.82000732421875,131.44000244140625,21922600
2017-03-13,123.48189544677734,131.61000061035156,131.63999938964844,131.27000427246094,131.33999633789062,10731600
2017-03-14,123.1816177368164,131.2899932861328,131.36000061035156,130.75999450683594,131.30999755859375,14019700
2017-03-15,123.941650390625,132.10000610351562,132.41000366210938,131.13999938964844,131.55999755859375,22709100
2017-03-16,123.85717010498047,132.00999450683594,132.35000610351562,131.7100067138672,132.35000610351562,18457300
2017-03-17,123.81392669677734,131.69000244140625,132.0399932861328,131.6199951171875,131.89999389648438,21234500
2017-03-20,123.92676544189453,131.80999755859375,132.11000061035156,131.4600067138672,131.64999389648438,10105200
2017-03-21,122.04634857177734,129.80999755859375,132.42999267578125,129.72999572753906,132.30999755859375,35841900
2017-03-22,122.87374114990234,130.69000244140625,130.82000732421875,129.67999267578125,129.85000610351562,29177900
2017-03-23,122.5634536743164,130.36000061035156,130.8800048828125,130.13999938964844,130.52000427246094,20311700
2017-03-24,122.81734466552734,130.6300048828125,131.2899932861328,130.1300048828125,130.77999877929688,22967600
2017-03-27,123.0147933959961,130.83999633789062,131.07000732421875,129.39999389648438,129.6999969482422,18472400
2017-03-28,123.76691436767578,131.63999938964844,132.02999877929688,130.5500030517578,130.83999633789062,23721900
2017-03-29,124.3404541015625,132.25,132.3000030517578,131.58999633789062,131.72999572753906,13710000
2017-03-30,124.54724884033203,132.47000122070312,132.61000061035156,132.0800018310547,132.1999969482422,16092400
2017-03-31,124.46267700195312,132.3800048828125,132.74000549316406,132.1300048828125,132.27999877929688,19841400
2017-04-03,124.387451171875,132.3000030517578,132.80999755859375,131.55999755859375,132.49000549316406,23700300
2017-04-04,124.58487701416016,132.50999450683594,132.52999877929688,131.8699951171875,131.9199981689453,13400000
2017-04-05,124.07718658447266,131.97000122070312,133.47999572753906,131.72000122070312,132.6999969482422,32011200
2017-04-06,124.14299774169922,132.0399932861328,132.38999938964844,131.6999969482422,132.10000610351562,18832200
2017-04-07,124.07718658447266,131.97000122070312,132.3699951171875,131.5,132.0,16743100
2017-04-10,124.12419128417969,132.02000427246094,132.57000732421875,131.66000366210938,132.10000610351562,15619300
2017-04-11,123.58830261230469,131.4499969482422,132.10000610351562,130.5,131.89999389648438,33778400
2017-04-12,123.08995819091797,130.9199981689453,131.5399932861328,130.77999877929688,131.42999267578125,15955200
2017-04-13,122.60108947753906,130.39999389648438,131.50999450683594,130.3800048828125,130.74000549316406,23683000
2017-04-17,123.61653137207031,131.47999572753906,131.5,130.72000122070312,130.77000427246094,13325500
2017-04-18,123.42845916748047,131.27999877929688,131.66000366210938,130.9499969482422,131.0399932861328,12841100
2017-04-19,123.62590026855469,131.49000549316406,132.2899932861328,131.30999755859375,131.85000610351562,17764800
2017-04-20,124.66011047363281,132.58999633789062,132.8800048828125,131.82000732421875,132.02000427246094,21977900
2017-04-21,124.63191986083984,132.55999755859375,132.75999450683594,132.22000122070312,132.7100067138672,22454900
2017-04-24,126.13618469238281,134.16000366210938,134.2899932861328,133.8000030517578,134.02999877929688,22469900
2017-04-25,127.04823303222656,135.1300048828125,135.3699951171875,134.47999572753906,134.60000610351562,19384400
2017-04-26,126.86954498291016,134.94000244140625,135.50999450683594,134.86000061035156,135.17999267578125,25398500
2017-04-27,127.63117218017578,135.75,135.75,135.19000244140625,135.27000427246094,16136500
2017-04-28,127.85677337646484,135.99000549316406,136.33999633789062,135.77000427246094,136.2899932861328,22771900
2017-05-01,128.99440002441406,137.1999969482422,137.3800048828125,136.3800048828125,136.44000244140625,24815500
2017-05-02,129.21067810058594,137.42999267578125,137.49000549316406,137.02000427246094,137.3699951171875,18345100
2017-05-03,128.7969207763672,136.99000549316406,137.1699981689453,136.6199951171875,137.1199951171875,23827600
2017-05-04,128.8439483642578,137.0399932861328,137.42999267578125,136.55999755859375,136.97000122070312,14630100
2017-05-05,129.31405639648438,137.5399932861328,137.5399932861328,136.8800048828125,137.38999938964844,19330700
2017-05-08,129.59613037109375,137.83999633789062,137.83999633789062,137.3300018310547,137.61000061035156,13279900
2017-05-09,130.04736328125,138.32000732421875,138.6300048828125,137.92999267578125,138.0500030517578,28426100
2017-05-10,130.1226043701172,138.39999389648438,138.4499969482422,137.91000366210938,138.39999389648438,20499400
2017-05-11,130.01919555664062,138.2899932861328,138.3300018310547,137.3800048828125,138.02000427246094,27232100
2017-05-12,130.31063842773438,138.60000610351562,138.6300048828125,138.22999572753906,138.35000610351562,19738600
2017-05-15,130.72433471679688,139.0399932861328,139.1199951171875,138.52999877929688,138.66000366210938,20481300
2017-05-16,131.26963806152344,139.6199951171875,139.63999938964844,138.99000549316406,139.39999389648438,21786000
2017-05-17,127.9319839477539,136.07000732421875,138.77000427246094,136.0500030517578,138.50999450683594,55642200
2017-05-18,129.05081176757812,137.25999450683594,137.72000122070312,135.8699951171875,136.02000427246094,41319900
2017-05-19,129.59613037109375,137.83999633789062,138.4199981689453,137.66000366210938,137.75,36730100
2017-05-22,130.68673706054688,139.0,139.07000732421875,138.10000610351562,138.14999389648438,19509700
2017-05-23,130.8184051513672,139.13999938964844,139.4199981689453,138.77999877929688,139.41000366210938,19687500
2017-05-24,131.42010498046875,139.77999877929688,139.85000610351562,139.1699981689453,139.55999755859375,15891900
2017-05-25,132.53890991210938,140.97000122070312,141.3300018310547,140.00999450683594,140.30999755859375,23928600
2017-05-26,132.77395629882812,141.22000122070312,141.27999877929688,140.80999755859375,141.0,13851600
2017-05-30,132.8867950439453,141.33999633789062,141.50999450683594,141.05999755859375,141.14999389648438,20306400
2017-05-31,132.83978271484375,141.2899932861328,141.83999633789062,140.57000732421875,141.83999633789062,33229400
2017-06-01,133.35684204101562,141.83999633789062,141.89999389648438,140.97999572753906,141.5800018310547,20120700
2017-06-02,134.8800048828125,143.4600067138672,143.49000549316406,142.11000061035156,142.33999633789062,37222900
2017-06-05,134.8517608642578,143.42999267578125,143.67999267578125,143.22999572753906,143.4499969482422,15727500
2017-06-06,134.31582641601562,142.86000061035156,143.72999572753906,142.64999389648438,143.25999450683594,22393000
2017-06-07,134.8423614501953,143.4199981689453,143.5399932861328,142.60000610351562,143.25999450683594,18842400
2017-06-08,134.98345947265625,143.57000732421875,143.8000030517578,142.7899932861328,143.74000549316406,25417400
2017-06-09,131.6081085205078,139.97999572753906,143.89999389648438,138.11000061035156,143.74000549316406,109783700
2017-06-12,130.90298461914062,139.22999572753906,139.47999572753906,137.47000122070312,138.8000030517578,104454000
2017-06-13,131.96539306640625,140.36000061035156,140.55999755859375,139.27999877929688,140.00999450683594,51193000
2017-06-14,131.39187622070312,139.75,140.92999267578125,138.6199951171875,140.92999267578125,60093800
2017-06-15,130.80892944335938,139.1300048828125,139.27999877929688,137.49000549316406,138.33999633789062,55145200
2017-06-16,130.24147033691406,138.14999389648438,138.77999877929688,137.63999938964844,138.67999267578125,48087400
2017-06-19,132.41920471191406,140.4600067138672,140.58999633789062,139.27999877929688,139.49000549316406,39626500
2017-06-20,131.38214111328125,139.36000061035156,140.5,139.30999755859375,140.32000732421875,40935100
2017-06-21,132.68321228027344,140.74000549316406,140.80999755859375,139.58999633789062,139.67999267578125,35743400
2017-06-22,132.64544677734375,140.6999969482422,141.22000122070312,140.33999633789062,140.9600067138672,24099100
2017-06-23,133.154541015625,141.24000549316406,141.4199981689453,140.14999389648438,140.5399932861328,21654300
2017-06-26,132.53236389160156,140.5800018310547,142.2899932861328,140.27000427246094,142.0500030517578,34411100
2017-06-27,130.1282958984375,138.02999877929688,140.22000122070312,138.02000427246094,140.0500030517578,65957800
2017-06-28,132.0043487548828,140.02000427246094,140.13999938964844,137.74000549316406,138.5399932861328,57427200
2017-06-29,129.71348571777344,137.58999633789062,139.44000244140625,136.25,139.44000244140625,88769400
2017-06-30,129.7606201171875,137.63999938964844,138.6699981689453,137.19000244140625,137.97999572753906,68898300
2017-07-03,128.3936309814453,136.19000244140625,138.42999267578125,136.10000610351562,138.27000427246094,32797000
2017-07-05,129.65692138671875,137.52999877929688,137.89999389648438,136.16000366210938,136.6199951171875,42116600
2017-07-06,128.4879608154297,136.2899932861328,137.05999755859375,135.8000030517578,136.47999572753906,48430500
2017-07-07,129.87374877929688,137.75999450683594,138.1300048828125,136.74000549316406,136.75,36970400
2017-07-10,130.72222900390625,138.66000366210938,138.99000549316406,137.5,137.85000610351562,24853500
2017-07-11,131.08990478515625,139.0500030517578,139.22000122070312,137.94000244140625,138.4600067138672,31517700
2017-07-12,132.64544677734375,140.6999969482422,140.86000061035156,139.9600067138672,140.24000549316406,36045800
2017-07-13,132.9376678466797,141.00999450683594,141.35000610351562,140.60000610351562,140.8699951171875,31073600
2017-07-14,133.984130859375,142.1199951171875,142.3000030517578,141.19000244140625,141.63999938964844,34544800
2017-07-17,134.05014038085938,142.19000244140625,142.69000244140625,141.9199981689453,142.27000427246094,25343200
2017-07-18,134.9457244873047,143.13999938964844,143.1699981689453,141.63999938964844,142.08999633789062,25748500
2017-07-19,135.73765563964844,143.97999572753906,144.19000244140625,143.5,143.55999755859375,33752300
2017-07-20,135.91680908203125,144.1699981689453,144.44000244140625,143.52000427246094,144.35000610351562,36139400
2017-07-21,135.86024475097656,144.11000061035156,144.11000061035156,143.35000610351562,143.63999938964844,39697100
2017-07-24,136.48245239257812,144.77000427246094,144.8699951171875,143.9199981689453,144.08999633789062,26712700
2017-07-25,136.1336669921875,144.39999389648438,144.74000549316406,144.00999450683594,144.2899932861328,28120900
2017-07-26,136.57667541503906,144.8699951171875,144.9499969482422,144.52999877929688,144.75999450683594,18610600
2017-07-27,135.71881103515625,143.9600067138672,145.9600067138672,142.3000030517578,145.82000732421875,80665900
2017-07-28,135.60569763183594,143.83999633789062,144.0800018310547,142.8699951171875,143.10000610351562,38013200
2017-07-31,135.03060913085938,143.22999572753906,144.42999267578125,142.9199981689453,144.25,33848600
2017-08-01,135.3417205810547,143.55999755859375,143.75999450683594,143.1199951171875,143.72000122070312,20149400
2017-08-02,135.7094268798828,143.9499969482422,144.52000427246094,142.61000061035156,144.49000549316406,41769700
2017-08-03,135.1814727783203,143.38999938964844,144.1699981689453,143.1300048828125,144.08999633789062,27112800
2017-08-04,135.42660522460938,143.64999389648438,143.97000122070312,143.05999755859375,143.7100067138672,29472900
2017-08-07,136.2844696044922,144.55999755859375,144.55999755859375,143.7100067138672,143.91000366210938,17933900
2017-08-08,136.0487823486328,144.30999755859375,145.47000122070312,143.89999389648438,144.27999877929688,30810400
2017-08-09,135.86961364746094,144.1199951171875,144.19000244140625,142.7899932861328,143.1199951171875,36169500
2017-08-10,132.9565887451172,141.02999877929688,143.39999389648438,140.88999938964844,143.3000030517578,63331700
2017-08-11,133.96534729003906,142.10000610351562,142.41000366210938,140.89999389648438,141.22000122070312,45862500
2017-08-14,135.69053649902344,143.92999267578125,144.14999389648438,143.19000244140625,143.22999572753906,34161000
2017-08-15,135.78482055664062,144.02999877929688,144.3000030517578,143.63999938964844,144.2899932861328,25509200
2017-08-16,136.0205078125,144.27999877929688,144.9600067138672,143.8000030517578,144.38999938964844,31913000
2017-08-17,133.23941040039062,141.3300018310547,143.94000244140625,141.3300018310547,143.72000122070312,70191000
2017-08-18,133.14517211914062,141.22999572753906,142.1999969482422,140.64999389648438,141.41000366210938,60751900
2017-08-21,132.97540283203125,141.0500030517578,141.52999877929688,140.17999267578125,141.22000122070312,37111500
2017-08-22,135.0023193359375,143.1999969482422,143.35000610351562,141.75999450683594,141.80999755859375,36294200
2017-08-23,134.5215606689453,142.69000244140625,143.00999450683594,142.3800048828125,142.47999572753906,25702300
2017-08-24,134.12554931640625,142.27000427246094,143.1699981689453,141.47000122070312,143.00999450683594,38160800
2017-08-25,133.8427734375,141.97000122070312,143.17999267578125,141.77999877929688,142.82000732421875,26380400
2017-08-28,134.25753784179688,142.41000366210938,142.74000549316406,141.9499969482422,142.39999389648438,15362100
2017-08-29,134.78550720214844,142.97000122070312,143.2100067138672,141.05999755859375,141.19000244140625,24498300
2017-08-30,136.36932373046875,144.64999389648438,144.88999938964844,143.0,143.08999633789062,33642700
2017-08-31,137.8306121826172,146.1999969482422,146.2100067138672,144.97999572753906,145.05999755859375,38480700
2017-09-01,137.64202880859375,146.0,146.58999633789062,145.61000061035156,146.38999938964844,22293600
2017-09-05,136.4070587158203,144.69000244140625,145.8800048828125,143.60000610351562,145.57000732421875,44794300
2017-09-06,136.8218536376953,145.1300048828125,145.4600067138672,144.0800018310547,145.05999755859375,30722700
2017-09-07,137.1423797607422,145.47000122070312,145.83999633789062,144.94000244140625,145.39999389648438,22721100
2017-09-08,135.9545135498047,144.2100067138672,145.35000610351562,144.05999755859375,145.27999877929688,27890100
2017-09-11,137.5194854736328,145.8699951171875,146.1199951171875,145.3000030517578,145.33999633789062,27126300
2017-09-12,137.84939575195312,146.22000122070312,146.41000366210938,145.52999877929688,146.27999877929688,30256700
2017-09-13,138.0380096435547,146.4199981689453,146.44000244140625,145.72999572753906,145.97000122070312,28450900
2017-09-14,137.22720336914062,145.55999755859375,146.2899932861328,145.47000122070312,145.85000610351562,35296400
2017-09-15,137.69857788085938,146.05999755859375,146.58999633789062,145.2899932861328,145.52999877929688,46422400
2017-09-18,137.51821899414062,145.5500030517578,146.3699951171875,145.11000061035156,145.91000366210938,24858200
2017-09-19,137.75440979003906,145.8000030517578,146.00999450683594,145.30999755859375,145.80999755859375,20871200
2017-09-20,137.3291473388672,145.35000610351562,145.91000366210938,144.22999572753906,145.75,34236200
2017-09-21,136.48829650878906,144.4600067138672,145.25999450683594,143.9499969482422,145.25,28841800
2017-09-22,136.35601806640625,144.32000732421875,144.52999877929688,143.85000610351562,144.0,21702400
2017-09-25,134.91990661621094,142.8000030517578,143.8300018310547,142.10000610351562,143.75,54947700
2017-09-26,135.2694854736328,143.1699981689453,143.8000030517578,142.6699981689453,143.52999877929688,29628800
2017-09-27,136.48829650878906,144.4600067138672,145.0,143.57000732421875,143.92999267578125,33249400
2017-09-28,136.44105529785156,144.41000366210938,144.55999755859375,143.77999877929688,144.11000061035156,24149400
2017-09-29,137.4236602783203,145.4499969482422,145.55999755859375,144.32000732421875,144.6999969482422,43102400
2017-10-02,137.54652404785156,145.5800018310547,146.1699981689453,144.92999267578125,145.6699981689453,27351300
2017-10-03,137.8394012451172,145.88999938964844,146.05999755859375,145.4499969482422,145.77000427246094,19715200
2017-10-04,137.97166442871094,146.02999877929688,146.33999633789062,145.47000122070312,145.61000061035156,26381100
2017-10-05,139.3227996826172,147.4600067138672,147.5399932861328,146.41000366210938,146.55999755859375,31562400
2017-10-06,139.51171875,147.66000366210938,147.66000366210938,146.9600067138672,146.9600067138672,23561100
2017-10-09,139.3510284423828,147.49000549316406,148.00999450683594,147.3000030517578,147.85000610351562,13704800
2017-10-10,139.45501708984375,147.60000610351562,148.13999938964844,146.9499969482422,147.99000549316406,19223100
2017-10-11,139.87078857421875,148.0399932861328,148.07000732421875,147.33999633789062,147.52999877929688,12439100
2017-10-12,139.61569213867188,147.77000427246094,148.35000610351562,147.6199951171875,147.82000732421875,14513500
2017-10-13,140.15419006347656,148.33999633789062,148.50999450683594,147.77999877929688,148.3699951171875,18409900
2017-10-16,140.63607788085938,148.85000610351562,148.88999938964844,148.38999938964844,148.7100067138672,21809400
2017-10-17,140.81553649902344,149.0399932861328,149.05999755859375,148.57000732421875,148.8000030517578,13138200
2017-10-18,140.64549255371094,148.86000061035156,149.2100067138672,148.63999938964844,149.19000244140625,17218200
2017-10-19,140.12588500976562,148.30999755859375,148.3300018310547,147.27000427246094,147.99000549316406,27680300
2017-10-20,140.5037841796875,148.7100067138672,149.0399932861328,148.52999877929688,148.91000366210938,30173300
2017-10-23,139.58731079101562,147.74000549316406,149.02999877929688,147.52999877929688,149.02000427246094,29297100
2017-10-24,139.823486328125,147.99000549316406,148.3000030517578,147.44000244140625,148.02999877929688,20289500
2017-10-25,139.29440307617188,147.42999267578125,148.17999267578125,146.3300018310547,147.6999969482422,36179100
2017-10-26,138.85035705566406,146.9600067138672,147.7100067138672,146.9199981689453,147.33999633789062,28230200
2017-10-27,142.8941650390625,151.24000549316406,151.52000427246094,149.1999969482422,149.42999267578125,60165100
2017-10-30,143.21539306640625,151.5800018310547,152.19000244140625,150.99000549316406,151.1300048828125,31733400
2017-10-31,143.75396728515625,152.14999389648438,152.3699951171875,151.6300048828125,152.07000732421875,26319300
2017-11-01,143.70669555664062,152.10000610351562,152.8300018310547,151.5,152.75999450683594,29481600
2017-11-02,143.43272399902344,151.80999755859375,151.99000549316406,150.77000427246094,151.92999267578125,31017400
2017-11-03,144.81214904785156,153.27000427246094,153.2899932861328,151.83999633789062,152.36000061035156,26199200
2017-11-06,145.30345153808594,153.7899932861328,153.85000610351562,153.10000610351562,153.14999389648438,28693900
2017-11-07,145.38845825195312,153.8800048828125,154.0800018310547,153.33999633789062,153.6699981689453,21333100
2017-11-08,145.9742889404297,154.5,154.5399932861328,153.6199951171875,153.8000030517578,17373500
2017-11-09,145.20901489257812,153.69000244140625,153.77000427246094,152.11000061035156,153.22999572753906,40594500
2017-11-10,145.1995086669922,153.67999267578125,153.8000030517578,153.05999755859375,153.3300018310547,20150800
2017-11-13,145.37899780273438,153.8699951171875,154.07000732421875,153.10000610351562,153.10000610351562,12522400
2017-11-14,144.8499298095703,153.30999755859375,153.5,152.57000732421875,153.3300018310547,25173800
2017-11-15,144.16969299316406,152.58999633789062,153.0,151.77999877929688,152.64999389648438,24808000
2017-11-16,146.01202392578125,154.5399932861328,154.88999938964844,153.3300018310547,153.36000061035156,34790600
2017-11-17,145.45458984375,153.9499969482422,154.69000244140625,153.8000030517578,154.5800018310547,28725800
2017-11-20,145.34127807617188,153.8300018310547,154.1999969482422,153.61000061035156,154.05999755859375,21143900
2017-11-21,146.91909790039062,155.5,155.57000732421875,154.49000549316406,154.55999755859375,20147800
2017-11-22,147.0985870361328,155.69000244140625,155.83999633789062,155.33999633789062,155.63999938964844,17299000
2017-11-24,147.63714599609375,156.25999450683594,156.30999755859375,155.75999450683594,155.85000610351562,8280600
2017-11-27,147.5709686279297,156.19000244140625,156.55999755859375,155.8300018310547,156.2100067138672,22653400
2017-11-28,147.9488983154297,156.58999633789062,156.69000244140625,155.6999969482422,156.5399932861328,25227300
2017-11-29,145.36959838867188,153.86000061035156,156.4499969482422,153.1199951171875,156.41000366210938,71986300
2017-11-30,146.58840942382812,155.14999389648438,155.4499969482422,154.14999389648438,154.50999450683594,56595500
2017-12-01,145.9647979736328,154.49000549316406,155.24000549316406,152.25999450683594,154.1999969482422,59015800
2017-12-04,144.28305053710938,152.7100067138672,155.6300048828125,152.55999755859375,155.4600067138672,51319100
2017-12-05,144.37754821777344,152.80999755859375,154.5500030517578,152.10000610351562,152.67999267578125,40604200
2017-12-06,145.02947998046875,153.5,153.74000549316406,152.05999755859375,152.24000549316406,28647800
2017-12-07,145.52072143554688,154.02000427246094,154.4600067138672,153.3300018310547,153.49000549316406,32666200
2017-12-08,146.1632080078125,154.6999969482422,155.52999877929688,154.4600067138672,155.14999389648438,28081700
2017-12-11,147.29698181152344,155.89999389648438,155.9499969482422,154.75999450683594,154.77000427246094,20821500
2017-12-12,147.0985870361328,155.69000244140625,156.14999389648438,155.36000061035156,155.8300018310547,20310300
2017-12-13,147.3820343017578,155.99000549316406,156.49000549316406,155.75999450683594,156.32000732421875,24418500
2017-12-14,147.2781219482422,155.8800048828125,156.66000366210938,155.7100067138672,156.25999450683594,24594700
2017-12-15,148.950439453125,157.64999389648438,157.82000732421875,156.22999572753906,156.49000549316406,49816200
2017-12-18,150.19924926757812,158.63999938964844,158.77000427246094,158.07000732421875,158.36000061035156,26844500
2017-12-19,149.30926513671875,157.6999969482422,158.5,157.25999450683594,158.33999633789062,31415000
2017-12-20,149.14830017089844,157.52999877929688,158.27999877929688,156.91000366210938,158.25,38972600
2017-12-21,149.1672821044922,157.5500030517578,158.25,157.3699951171875,157.75,18638700
2017-12-22,148.99688720703125,157.3699951171875,157.42999267578125,156.9499969482422,157.30999755859375,23330400
2017-12-26,148.1920928955078,156.52000427246094,156.72000122070312,155.9499969482422,156.49000549316406,21918700
2017-12-27,148.2109832763672,156.5399932861328,156.9600067138672,156.38999938964844,156.52999877929688,22388200
2017-12-28,148.390869140625,156.72999572753906,157.07000732421875,156.5399932861328,157.0399932861328,25393800
2017-12-29,147.4724884033203,155.75999450683594,156.89999389648438,155.6999969482422,156.8699951171875,33186000
2018-01-02,150.05726623535156,158.49000549316406,158.52999877929688,156.1699981689453,156.55999755859375,32573300
2018-01-03,151.5153045654297,160.02999877929688,160.1699981689453,158.61000061035156,158.63999938964844,29383600
2018-01-04,151.7803955078125,160.30999755859375,160.7899932861328,160.0800018310547,160.5800018310547,24776100
2018-01-05,153.30471801757812,161.9199981689453,162.02999877929688,160.77000427246094,161.07000732421875,26992300
2018-01-08,153.90122985839844,162.5500030517578,162.6300048828125,161.86000061035156,161.9199981689453,23159100
2018-01-09,153.91067504882812,162.55999755859375,163.0399932861328,162.07000732421875,162.8699951171875,24782400
2018-01-10,153.55091857910156,162.17999267578125,162.2100067138672,161.1199951171875,161.83999633789062,34004000
2018-01-11,154.6018524169922,163.2899932861328,163.3000030517578,162.2100067138672,162.4600067138672,20473500
2018-01-12,155.7379913330078,164.49000549316406,164.66000366210938,162.94000244140625,163.14999389648438,37762700
2018-01-16,155.29299926757812,164.02000427246094,166.4199981689453,163.52999877929688,165.5800018310547,41231800
2018-01-17,156.96881103515625,165.7899932861328,166.0399932861328,164.0,164.8000030517578,33849900
2018-01-18,156.99725341796875,165.82000732421875,166.1999969482422,165.13999938964844,165.52999877929688,26432200
2018-01-19,157.4895782470703,166.33999633789062,166.61000061035156,165.5399932861328,166.30999755859375,38937600
2018-01-22,159.17483520507812,168.1199951171875,168.1199951171875,166.08999633789062,166.27999877929688,26081400
2018-01-23,160.49087524414062,169.50999450683594,169.66000366210938,168.55999755859375,168.63999938964844,37989700
2018-01-24,159.449462890625,168.41000366210938,170.24000549316406,167.44000244140625,169.8699951171875,54287400
2018-01-25,159.3926544189453,168.35000610351562,169.6300048828125,167.80999755859375,169.57000732421875,28925000
2018-01-26,161.83534240722656,170.92999267578125,170.9499969482422,168.9600067138672,169.2899932861328,32038200
2018-01-29,161.04954528808594,170.10000610351562,170.91000366210938,169.74000549316406,170.57000732421875,37277800
2018-01-30,159.72401428222656,168.6999969482422,169.4199981689453,167.82000732421875,168.5500030517578,44987700
2018-01-31,160.3867645263672,169.39999389648438,169.99000549316406,168.33999633789062,169.64999389648438,42449200
2018-02-01,159.0233917236328,167.9600067138672,169.72999572753906,167.4199981689453,168.10000610351562,38037900
2018-02-02,155.8516387939453,164.61000061035156,167.6999969482422,164.47000122070312,167.3000030517578,68478100
2018-02-05,149.7069549560547,158.1199951171875,165.75,158.0,163.07000732421875,105372200
2018-02-06,153.67396545410156,162.30999755859375,162.50999450683594,155.10000610351562,155.80999755859375,118537900
2018-02-07,151.68569946289062,160.2100067138672,163.5500030517578,160.1999969482422,161.7899932861328,91028300
2018-02-08,145.285400390625,153.4499969482422,160.8000030517578,153.4499969482422,160.6199951171875,94184800
2018-02-09,147.79441833496094,156.10000610351562,157.24000549316406,150.1300048828125,155.6199951171875,113836600
2018-02-12,150.4170379638672,158.8699951171875,159.9499969482422,156.4600067138672,157.6999969482422,63050600
2018-02-13,151.1934356689453,159.69000244140625,160.00999450683594,157.72000122070312,157.9600067138672,31785600
2018-02-14,154.02432250976562,162.67999267578125,162.92999267578125,158.0,158.75,52107400
2018-02-15,156.88360595703125,165.6999969482422,165.6999969482422,162.44000244140625,164.13999938964844,51633900
2018-02-16,156.18301391601562,164.9600067138672,166.75999450683594,164.67999267578125,165.16000366210938,62256300
2018-02-20,156.49542236328125,165.2899932861328,166.67999267578125,164.30999755859375,164.3800048828125,36785600
2018-02-21,156.0504608154297,164.82000732421875,167.72000122070312,164.72000122070312,166.10000610351562,41161800
2018-02-22,156.03155517578125,164.8000030517578,166.4199981689453,164.3800048828125,165.5399932861328,37074400
2018-02-23,159.22219848632812,168.1699981689453,168.1699981689453,165.4499969482422,166.1300048828125,50096900
2018-02-26,161.33349609375,170.39999389648438,170.39999389648438,168.82000732421875,168.9600067138672,39266700
2018-02-27,159.33580017089844,168.2899932861328,170.72999572753906,168.2100067138672,170.4499969482422,42209900
2018-02-28,158.3132781982422,167.2100067138672,169.8000030517578,167.10000610351562,169.25,42936300
2018-03-01,155.72854614257812,164.47999572753906,168.07000732421875,163.0,167.3000030517578,76809900
2018-03-02,157.1581573486328,165.99000549316406,166.27999877929688,161.9600067138672,162.5,57445100
2018-03-05,158.9002685546875,167.8300018310547,168.25999450683594,164.58999633789062,165.2100067138672,38540200
2018-03-06,159.57254028320312,168.5399932861328,169.11000061035156,167.47999572753906,168.64999389648438,29480900
2018-03-07,159.9417724609375,168.92999267578125,169.07000732421875,166.9600067138672,167.25,34609400
2018-03-08,160.8223114013672,169.86000061035156,169.97999572753906,168.9499969482422,169.6300048828125,25828400
2018-03-09,163.9466552734375,173.16000366210938,173.16000366210938,170.82000732421875,171.07000732421875,38310500
2018-03-12,164.81776428222656,174.0800018310547,174.47999572753906,173.27999877929688,173.6699981689453,37635000
2018-03-13,162.57388305664062,171.7100067138672,175.2100067138672,171.27000427246094,174.47999572753906,55638900
2018-03-14,162.54542541503906,171.67999267578125,172.74000549316406,170.92999267578125,172.61000061035156,40536400
2018-03-15,162.4033966064453,171.52999877929688,172.52999877929688,170.89999389648438,171.8000030517578,28810400
2018-03-16,161.92056274414062,171.02000427246094,172.1999969482422,170.94000244140625,171.82000732421875,31176700
2018-03-19,158.4658203125,167.10000610351562,169.22000122070312,165.63999938964844,169.10000610351562,71395100
2018-03-20,158.98739624023438,167.64999389648438,168.0399932861328,166.61000061035156,167.1699981689453,34075700
2018-03-21,158.2950439453125,166.9199981689453,168.75999450683594,166.19000244140625,167.2100067138672,43863500
2018-03-22,154.38795471191406,162.8000030517578,165.77000427246094,162.58999633789062,164.61000061035156,66607300
2018-03-23,150.3196563720703,158.50999450683594,163.3000030517578,158.42999267578125,162.61000061035156,80110400
2018-03-26,155.9053192138672,164.39999389648438,164.60000610351562,159.16000366210938,161.72000122070312,57481500
2018-03-27,150.8602294921875,159.0800018310547,165.6199951171875,157.67999267578125,165.6199951171875,78889100
2018-03-28,149.12472534179688,157.25,159.77999877929688,156.0399932861328,158.1699981689453,89369700
2018-03-29,151.8559112548828,160.1300048828125,161.7100067138672,156.6300048828125,158.10000610351562,68692600
2018-04-02,147.4746551513672,155.50999450683594,159.74000549316406,153.8800048828125,158.99000549316406,85549400
2018-04-03,149.13426208496094,157.25999450683594,157.9199981689453,154.44000244140625,156.8699951171875,64090000
2018-04-04,151.48611450195312,159.74000549316406,160.22999572753906,154.0399932861328,154.22000122070312,65768700
2018-04-05,152.3490447998047,160.64999389648438,161.5800018310547,159.47999572753906,161.3300018310547,43054900
2018-04-06,148.53680419921875,156.6300048828125,160.4600067138672,155.8800048828125,158.8800048828125,59870900
2018-04-09,149.57997131347656,157.72999572753906,160.8800048828125,157.4600067138672,157.97999572753906,41810400
2018-04-10,152.88018798828125,161.2100067138672,161.72999572753906,159.07000732421875,160.2100067138672,48296800
2018-04-11,151.99818420410156,160.27999877929688,162.0,160.10000610351562,160.1999969482422,41622100
2018-04-12,153.82846069335938,162.2100067138672,162.77000427246094,161.16000366210938,161.25,30467900
2018-04-13,153.03187561035156,161.3699951171875,163.25999450683594,160.6699981689453,163.02000427246094,44604900
2018-04-16,154.19830322265625,162.60000610351562,163.19000244140625,161.47999572753906,162.5,28180800
2018-04-17,157.5174560546875,166.10000610351562,166.4600067138672,163.91000366210938,164.24000549316406,35536100
2018-04-18,157.83987426757812,166.44000244140625,167.0,165.30999755859375,166.10000610351562,29573900
2018-04-19,156.3889617919922,164.91000366210938,165.99000549316406,164.33999633789062,165.60000610351562,34705700
2018-04-20,153.913818359375,162.3000030517578,164.61000061035156,161.72999572753906,164.49000549316406,49197100
2018-04-23,153.52503967285156,161.88999938964844,163.72999572753906,161.02000427246094,163.08999633789062,33040600
2018-04-24,150.272216796875,158.4600067138672,162.91000366210938,157.38999938964844,162.66000366210938,70256800
2018-04-25,150.452392578125,158.64999389648438,159.30999755859375,156.47000122070312,158.74000549316406,52089300
2018-04-26,153.61981201171875,161.99000549316406,162.52999877929688,160.17999267578125,160.6999969482422,43005500
2018-04-27,153.71461486816406,162.08999633789062,164.41000366210938,161.1699981689453,164.3699951171875,51043400
2018-04-30,152.62413024902344,160.94000244140625,163.47999572753906,160.5399932861328,162.47000122070312,35615300
2018-05-01,154.36898803710938,162.77999877929688,162.8000030517578,160.13999938964844,160.52000427246094,36513500
2018-05-02,153.45867919921875,161.82000732421875,163.57000732421875,161.6300048828125,163.05999755859375,38646800
2018-05-03,153.43966674804688,161.8000030517578,162.39999389648438,159.22000122070312,161.0,60337100
2018-05-04,156.35101318359375,164.8699951171875,165.25,160.97999572753906,161.10000610351562,41543200
2018-05-07,157.6502227783203,166.24000549316406,166.77999877929688,165.50999450683594,165.63999938964844,32500200
2018-05-08,157.48899841308594,166.07000732421875,166.42999267578125,164.86000061035156,165.88999938964844,26040200
2018-05-09,159.20555114746094,167.8800048828125,168.0,165.77999877929688,166.3699951171875,29122700
2018-05-10,160.85557556152344,169.6199951171875,169.74000549316406,168.2899932861328,168.4199981689453,27067600
2018-05-11,160.70387268066406,169.4600067138672,169.86000061035156,168.72000122070312,169.4199981689453,24688800
2018-05-14,160.97885131835938,169.75,170.82000732421875,169.47000122070312,169.85000610351562,21821700
2018-05-15,159.19598388671875,167.8699951171875,168.5,166.97999572753906,168.41000366210938,49361600
2018-05-16,160.24868774414062,168.97999572753906,169.3699951171875,168.00999450683594,168.08999633789062,22941200
2018-05-17,159.6322784423828,168.3300018310547,169.61000061035156,167.50999450683594,168.38999938964844,27480200
2018-05-18,158.80722045898438,167.4600067138672,168.25999450683594,167.2100067138672,167.67999267578125,26217900
2018-05-21,159.6986541748047,168.39999389648438,169.5,167.67999267578125,168.75999450683594,22954600
2018-05-22,159.48997497558594,168.17999267578125,169.4499969482422,167.8800048828125,169.1699981689453,19477700
2018-05-23,160.83663940429688,169.60000610351562,169.6199951171875,166.8800048828125,166.89999389648438,26557800
2018-05-24,160.78919982910156,169.5500030517578,169.85000610351562,167.83999633789062,169.5500030517578,27696500
2018-05-25,160.950439453125,169.72000122070312,170.3300018310547,169.2100067138672,169.52999877929688,27460500
2018-05-29,160.23922729492188,168.97000122070312,169.9199981689453,167.9600067138672,168.9499969482422,41220500
2018-05-30,161.38665771484375,170.17999267578125,170.47999572753906,169.22000122070312,169.5800018310547,22665800
2018-05-31,161.2823486328125,170.07000732421875,171.1999969482422,169.6300048828125,170.17999267578125,35670900
2018-06-01,163.8144073486328,172.74000549316406,172.83999633789062,170.8699951171875,170.9199981689453,45543300
2018-06-04,165.29376220703125,174.3000030517578,174.33999633789062,173.07000732421875,173.17999267578125,20459600
2018-06-05,165.8058624267578,174.83999633789062,175.1300048828125,174.07000732421875,174.7100067138672,24779300
2018-06-06,166.77317810058594,175.86000061035156,175.88999938964844,174.13999938964844,175.02000427246094,25036600
2018-06-07,165.4170684814453,174.42999267578125,175.92999267578125,173.5500030517578,175.88999938964844,39600300
2018-06-08,165.42652893066406,174.44000244140625,174.8800048828125,173.17999267578125,173.61000061035156,31780300
2018-06-11,165.8722381591797,174.91000366210938,175.33999633789062,174.27999877929688,174.30999755859375,22319700
2018-06-12,166.7447509765625,175.8300018310547,176.0,174.9600067138672,175.14999389648438,22511800
2018-06-13,166.73521423339844,175.82000732421875,177.13999938964844,175.42999267578125,176.10000610351562,37858600
2018-06-14,168.42327880859375,177.60000610351562,177.88999938964844,176.5,176.6300048828125,35916000
2018-06-15,167.8352508544922,176.97999572753906,177.3300018310547,176.11000061035156,176.92999267578125,49615700
2018-06-18,167.73829650878906,176.5,176.64999389648438,174.94000244140625,175.49000549316406,31633200
2018-06-19,167.26318359375,176.0,176.0399932861328,173.7100067138672,174.27000427246094,38236000
2018-06-20,168.45111083984375,177.25,177.97999572753906,176.64999389648438,176.80999755859375,33038000
2018-06-21,166.9875946044922,175.7100067138672,177.8800048828125,175.3699951171875,177.6999969482422,43469400
2018-06-22,166.616943359375,175.32000732421875,176.3699951171875,174.69000244140625,176.3000030517578,30073200
2018-06-25,162.8629913330078,171.3699951171875,173.99000549316406,169.80999755859375,173.72999572753906,77799700
2018-06-26,163.52828979492188,172.07000732421875,173.05999755859375,171.3699951171875,172.0,39008100
2018-06-27,161.30441284179688,169.72999572753906,173.5800018310547,169.61000061035156,172.8000030517578,52843500
2018-06-28,162.69198608398438,171.19000244140625,171.77000427246094,169.1699981689453,169.52000427246094,46407700
2018-06-29,163.1291046142578,171.64999389648438,172.9199981689453,171.39999389648438,172.00999450683594,36408500
2018-07-02,164.22201538085938,172.8000030517578,172.85000610351562,169.6699981689453,170.0399932861328,31770000
2018-07-03,162.3212890625,170.8000030517578,173.4499969482422,170.6300048828125,173.4499969482422,25512700
2018-07-05,164.33607482910156,172.9199981689453,173.05999755859375,171.02999877929688,171.91000366210938,31626200
2018-07-06,166.89256286621094,175.61000061035156,175.74000549316406,173.0,173.32000732421875,37005600
2018-07-09,168.39410400390625,177.19000244140625,177.22999572753906,175.82000732421875,176.52000427246094,27362100
2018-07-10,168.51763916015625,177.32000732421875,177.72000122070312,176.7100067138672,177.52000427246094,23902500
2018-07-11,167.6623077392578,176.4199981689453,177.07000732421875,175.8000030517578,175.92999267578125,30280600
2018-07-12,170.5514678955078,179.4600067138672,179.4600067138672,177.0800018310547,177.1999969482422,27930100
2018-07-13,170.69390869140625,179.61000061035156,179.89999389648438,178.9499969482422,179.4499969482422,28049800
2018-07-16,170.28529357910156,179.17999267578125,179.9499969482422,178.8800048828125,179.64999389648438,21405300
2018-07-17,171.32119750976562,180.27000427246094,180.64999389648438,177.27999877929688,177.27999877929688,31034100
2018-07-18,170.99807739257812,179.92999267578125,180.44000244140625,179.3800048828125,180.2899932861328,23220800
2018-07-19,170.14276123046875,179.02999877929688,179.8800048828125,178.82000732421875,179.27999877929688,31094100
2018-07-20,170.10472106933594,178.99000549316406,180.1699981689453,178.7899932861328,179.57000732421875,35897300
2018-07-23,170.6464385986328,179.55999755859375,179.63999938964844,177.74000549316406,178.4600067138672,22184700
2018-07-24,171.3496856689453,180.3000030517578,182.0500030517578,179.55999755859375,181.41000366210938,36900300
2018-07-25,173.7445831298828,182.82000732421875,182.92999267578125,180.2899932861328,180.3800048828125,35026600
2018-07-26,171.1121063232422,180.0500030517578,180.9199981689453,179.80999755859375,180.33999633789062,40873500
2018-07-27,168.802734375,177.6199951171875,181.30999755859375,176.60000610351562,181.19000244140625,59456100
2018-07-30,166.41732788085938,175.11000061035156,177.72999572753906,174.27000427246094,177.6300048828125,60193000
2018-07-31,167.6907958984375,176.4499969482422,177.1300048828125,174.82000732421875,175.8000030517578,47285100
2018-08-01,168.32757568359375,177.1199951171875,177.64999389648438,176.10000610351562,176.86000061035156,37101900
2018-08-02,170.61793518066406,179.52999877929688,179.74000549316406,175.7899932861328,175.8699951171875,47178200
2018-08-03,171.140625,180.0800018310547,180.08999633789062,179.0800018310547,179.8699951171875,28934400
2018-08-06,172.14805603027344,181.13999938964844,181.19000244140625,179.74000549316406,179.9600067138672,24808800
2018-08-07,172.77523803710938,181.8000030517578,182.13999938964844,181.25999450683594,181.64999389648438,29895700
2018-08-08,172.98434448242188,182.02000427246094,182.35000610351562,181.05999755859375,181.5500030517578,22680700
2018-08-09,172.87979125976562,181.91000366210938,182.6300048828125,181.63999938964844,181.91000366210938,18852900
2018-08-10,171.55882263183594,180.52000427246094,181.22000122070312,179.83999633789062,180.67999267578125,33818500
2018-08-13,171.36871337890625,180.32000732421875,182.00999450683594,180.24000549316406,180.85000610351562,26089200
2018-08-14,172.44261169433594,181.4499969482422,181.66000366210938,180.0399932861328,181.00999450683594,20913000
2018-08-15,170.3328094482422,179.22999572753906,180.5800018310547,178.1199951171875,180.00999450683594,58528000
2018-08-16,170.8935089111328,179.82000732421875,180.99000549316406,179.47000122070312,180.61000061035156,27711800
2018-08-17,170.9315185546875,179.86000061035156,180.30999755859375,178.27000427246094,179.35000610351562,36092600
2018-08-20,170.77952575683594,179.6999969482422,180.3300018310547,179.0,180.25999450683594,24939000
2018-08-21,171.40672302246094,180.36000061035156,181.44000244140625,180.1300048828125,180.24000549316406,26258700
2018-08-22,172.0719757080078,181.05999755859375,181.27000427246094,179.75,179.97999572753906,18042400
2018-08-23,171.8249053955078,180.8000030517578,182.0500030517578,180.5,180.74000549316406,25776200
2018-08-24,173.42149353027344,182.47999572753906,182.6300048828125,181.36000061035156,181.39999389648438,23136100
2018-08-27,175.18914794921875,184.33999633789062,184.33999633789062,183.11000061035156,183.39999389648438,29343600
2018-08-28,175.44577026367188,184.61000061035156,185.02000427246094,184.22000122070312,184.8300018310547,20277000
2018-08-29,177.4700469970703,186.74000549316406,186.83999633789062,184.86000061035156,184.92999267578125,29175600
2018-08-30,177.1564178466797,186.41000366210938,187.52000427246094,185.7899932861328,186.3800048828125,29315500
2018-08-31,177.38450622558594,186.64999389648438,187.17999267578125,185.97999572753906,186.17999267578125,28653200
2018-09-04,176.62420654296875,185.85000610351562,186.39999389648438,184.85000610351562,186.0800018310547,29063500
2018-09-05,174.3433380126953,183.4499969482422,185.5500030517578,182.82000732421875,185.52000427246094,42623300
2018-09-06,172.78472900390625,181.80999755859375,183.75,180.5800018310547,183.52999877929688,46091400
2018-09-07,172.1195068359375,181.11000061035156,182.6699981689453,180.44000244140625,180.5,46629500
2018-09-10,172.69920349121094,181.72000122070312,182.25,180.72999572753906,182.14999389648438,26132000
2018-09-11,174.02972412109375,183.1199951171875,183.4199981689453,180.52000427246094,180.99000549316406,30116500
2018-09-12,173.51654052734375,182.5800018310547,182.97999572753906,181.00999450683594,182.85000610351562,36204000
2018-09-13,175.36973571777344,184.52999877929688,184.8800048828125,183.63999938964844,183.72000122070312,31133200
2018-09-14,174.8565673828125,183.99000549316406,184.9499969482422,183.25999450683594,184.66000366210938,31224100
2018-09-17,172.3380889892578,181.33999633789062,183.80999755859375,181.1699981689453,183.67999267578125,33071200
2018-09-18,173.76356506347656,182.83999633789062,183.72999572753906,181.39999389648438,181.49000549316406,31877300
2018-09-19,173.6305694580078,182.6999969482422,183.3000030517578,181.50999450683594,182.8699951171875,31843400
2018-09-20,175.5503387451172,184.72000122070312,184.97000122070312,183.52000427246094,183.9600067138672,33295800
2018-09-21,174.59043884277344,183.7100067138672,185.47999572753906,183.47999572753906,185.22000122070312,38605400
2018-09-24,175.07601928710938,183.88999938964844,183.9600067138672,181.3000030517578,182.0500030517578,34945600
2018-09-25,175.3140411376953,184.13999938964844,184.27999877929688,183.17999267578125,183.80999755859375,25277500
2018-09-26,175.43780517578125,184.27000427246094,185.99000549316406,183.91000366210938,184.3000030517578,36210600
2018-09-27,176.92300415039062,185.8300018310547,186.49000549316406,184.9199981689453,185.02000427246094,33113300
2018-09-28,176.8849334716797,185.7899932861328,186.27999877929688,184.97000122070312,185.30999755859375,28076800
2018-10-01,177.2467498779297,186.1699981689453,187.52999877929688,185.6999969482422,186.8699951171875,27371300
2018-10-02,176.84683227539062,185.75,187.17999267578125,185.32000732421875,186.00999450683594,25618600
2018-10-03,177.03726196289062,185.9499969482422,186.97000122070312,185.66000366210938,186.52999877929688,29128700
2018-10-04,173.6383819580078,182.3800048828125,185.32000732421875,181.05999755859375,185.1999969482422,80557300
2018-10-05,171.51522827148438,180.14999389648438,182.97000122070312,178.42999267578125,182.36000061035156,83325600
2018-10-08,170.46795654296875,179.0500030517578,180.63999938964844,176.92999267578125,179.52000427246094,66864500
2018-10-09,171.02020263671875,179.6300048828125,181.02000427246094,178.75,179.17999267578125,49097900
2018-10-10,163.49879455566406,171.72999572753906,178.6199951171875,171.5,178.50999450683594,114471100
2018-10-11,161.47091674804688,169.60000610351562,173.39999389648438,167.80999755859375,171.02000427246094,143084500
2018-10-12,165.96469116210938,174.32000732421875,174.86000061035156,170.92999267578125,174.1699981689453,102078400
2018-10-15,163.95578002929688,172.2100067138672,174.0399932861328,171.55999755859375,173.7100067138672,64885300
2018-10-16,168.72567749023438,177.22000122070312,177.64999389648438,173.6999969482422,174.02000427246094,71979700
2018-10-17,168.7923126220703,177.2899932861328,178.25999450683594,175.47000122070312,178.0800018310547,66987600
2018-10-18,164.8793182373047,173.17999267578125,176.67999267578125,172.44000244140625,176.6199951171875,82486200
2018-10-19,164.72698974609375,173.02000427246094,176.07000732421875,172.38999938964844,174.5800018310547,82923700
2018-10-22,165.5743408203125,173.91000366210938,175.25,172.58999633789062,174.05999755859375,52909300
2018-10-23,164.96502685546875,173.27000427246094,174.1300048828125,168.82000732421875,170.63999938964844,77567000
2018-10-24,157.4151153564453,165.33999633789062,173.36000061035156,165.0399932861328,173.07000732421875,102997400
2018-10-25,162.86093139648438,171.05999755859375,172.0800018310547,167.16000366210938,167.91000366210938,83481100
2018-10-26,158.67184448242188,166.66000366210938,169.9600067138672,164.22999572753906,165.1999969482422,130970900
2018-10-29,155.40623474121094,163.22999572753906,169.86000061035156,160.08999633789062,169.2100067138672,111871900
2018-10-30,157.96731567382812,165.9199981689453,166.0399932861328,162.00999450683594,162.75,92584000
2018-10-31,161.6803741455078,169.82000732421875,171.25,168.5399932861328,168.6199951171875,73828600
2018-11-01,163.81301879882812,172.05999755859375,172.24000549316406,168.77999877929688,170.07000732421875,52706800
2018-11-02,161.2615203857422,169.3800048828125,172.5500030517578,168.22000122070312,171.52999877929688,75966800
2018-11-05,160.86160278320312,168.9600067138672,169.66000366210938,167.0800018310547,169.60000610351562,39573500
2018-11-06,162.08026123046875,170.24000549316406,171.19000244140625,168.72000122070312,168.97000122070312,34410400
2018-11-07,167.1642303466797,175.5800018310547,175.5800018310547,171.8699951171875,172.27999877929688,51169600
2018-11-08,166.09793090820312,174.4600067138672,175.3000030517578,173.6300048828125,174.75999450683594,40296500
2018-11-09,163.29896545410156,171.52000427246094,173.25,170.16000366210938,172.8300018310547,50602700
2018-11-12,158.35763549804688,166.3300018310547,170.63999938964844,166.17999267578125,170.32000732421875,62578400
2018-11-13,158.49095153808594,166.47000122070312,169.47999572753906,166.0,167.11000061035156,64128100
2018-11-14,157.28175354003906,165.1999969482422,168.6999969482422,164.25,168.1199951171875,75270700
2018-11-15,160.03326416015625,168.08999633789062,168.5399932861328,163.4600067138672,164.89999389648438,73254300
2018-11-16,159.47157287597656,167.5,168.30999755859375,165.77999877929688,166.4499969482422,65390700
2018-11-19,154.29234313964844,162.05999755859375,166.89999389648438,161.5399932861328,166.6999969482422,67280500
2018-11-20,151.5313262939453,159.16000366210938,161.3800048828125,157.1300048828125,158.3699951171875,102652800
2018-11-21,152.68333435058594,160.3699951171875,161.97000122070312,159.22999572753906,161.35000610351562,42965800
2018-11-23,151.57891845703125,159.2100067138672,160.83999633789062,159.08999633789062,159.08999633789062,23503700
2018-11-26,155.08250427246094,162.88999938964844,162.97000122070312,160.75999450683594,161.44000244140625,42012600
2018-11-27,155.60618591308594,163.44000244140625,163.85000610351562,161.17999267578125,162.0,36608100
2018-11-28,160.6140594482422,168.6999969482422,168.6999969482422,163.47000122070312,164.6199951171875,70141000
2018-11-29,160.0904541015625,168.14999389648438,169.25999450683594,166.82000732421875,167.99000549316406,44885700
2018-11-30,161.25196838378906,169.3699951171875,169.47000122070312,167.5399932861328,168.3800048828125,36722800
2018-12-03,164.07005310058594,172.3300018310547,173.30999755859375,169.50999450683594,173.11000061035156,50771700
2018-12-04,157.7769012451172,165.72000122070312,171.91000366210938,165.52000427246094,171.42999267578125,70594700
2018-12-06,158.89083862304688,166.88999938964844,166.91000366210938,161.77000427246094,162.3800048828125,71715500
2018-12-07,153.64492797851562,161.3800048828125,167.1199951171875,160.86000061035156,166.16000366210938,80432200
2018-12-10,155.25392150878906,163.07000732421875,163.77999877929688,159.41000366210938,161.0800018310547,73960800
2018-12-11,155.76803588867188,163.61000061035156,165.77000427246094,162.22999572753906,165.72999572753906,59058300
2018-12-12,157.13902282714844,165.0500030517578,167.60000610351562,164.9600067138672,166.0,53780000
2018-12-13,157.1865997314453,165.10000610351562,166.82000732421875,164.02999877929688,166.1300048828125,46378500
2018-12-14,153.35931396484375,161.0800018310547,163.80999755859375,160.6999969482422,163.2100067138672,56547400
2018-12-17,149.88429260253906,157.42999267578125,161.6699981689453,156.1699981689453,160.38999938964844,74834100
2018-12-18,150.8268280029297,158.4199981689453,159.9499969482422,157.0399932861328,158.64999389648438,63642100
2018-12-19,147.12327575683594,154.52999877929688,160.72000122070312,153.33999633789062,158.17999267578125,81856500
2018-12-20,144.99061584472656,152.2899932861328,155.8699951171875,150.38999938964844,154.14999389648438,99002100
2018-12-21,140.49685668945312,147.57000732421875,154.08999633789062,146.72000122070312,153.0500030517578,141129400
2018-12-24,137.01278686523438,143.5,147.97999572753906,143.4600067138672,146.0800018310547,56163300
2018-12-26,145.5677490234375,152.4600067138672,152.5399932861328,144.08999633789062,145.0800018310547,98982100
2018-12-27,146.131103515625,153.0500030517578,153.17999267578125,147.0800018310547,150.3699951171875,85824300
2018-12-28,146.0546875,152.97000122070312,155.58999633789062,151.72000122070312,154.14999389648438,77856600
2018-12-31,147.28636169433594,154.25999450683594,154.97999572753906,152.7100067138672,154.47000122070312,53015300
2019-01-02,147.87832641601562,154.8800048828125,155.75,150.8800048828125,150.99000549316406,58576700
2019-01-03,143.04713439941406,149.82000732421875,153.25999450683594,149.49000549316406,152.60000610351562,74820200
2019-01-04,149.16729736328125,156.22999572753906,157.0,151.74000549316406,152.33999633789062,74709300
2019-01-07,150.9432373046875,158.08999633789062,158.86000061035156,156.11000061035156,156.6199951171875,52059300
2019-01-08,152.30859375,159.52000427246094,160.11000061035156,157.1999969482422,159.5399932861328,49388700
2019-01-09,153.5498504638672,160.82000732421875,161.52000427246094,159.47000122070312,160.13999938964844,46491700
2019-01-10,153.98898315429688,161.27999877929688,161.3699951171875,158.6999969482422,159.60000610351562,38943400
2019-01-11,153.42568969726562,160.69000244140625,160.86000061035156,159.7899932861328,160.3300018310547,30176600
2019-01-14,152.06985473632812,159.27000427246094,159.9600067138672,158.58999633789062,159.3300018310547,30710200
2019-01-15,155.03929138183594,162.3800048828125,162.60000610351562,159.91000366210938,160.0,40874200
2019-01-16,155.0106201171875,162.35000610351562,163.77999877929688,162.2899932861328,162.64999389648438,33812200
2019-01-17,156.23277282714844,163.6300048828125,164.36000061035156,161.57000732421875,161.8300018310547,39329000
2019-01-18,157.77952575683594,165.25,166.02000427246094,163.82000732421875,164.77999877929688,57183200
2019-01-22,154.6191864013672,161.94000244140625,164.13999938964844,160.75999450683594,164.05999755859375,56711700
2019-01-23,154.8197021484375,162.14999389648438,163.50999450683594,160.32000732421875,162.77000427246094,38106100
2019-01-24,155.8222198486328,163.1999969482422,163.44000244140625,162.05999755859375,162.67999267578125,32417800
2019-01-25,157.68406677246094,165.14999389648438,165.64999389648438,163.9499969482422,164.50999450683594,36515900
2019-01-28,155.736328125,163.11000061035156,163.1199951171875,161.75,163.02000427246094,33491200
2019-01-29,154.2659149169922,161.57000732421875,163.24000549316406,160.99000549316406,163.1999969482422,30784200
2019-01-30,158.19007873535156,165.67999267578125,166.27999877929688,162.88999938964844,163.39999389648438,41346500
2019-01-31,160.5579833984375,168.16000366210938,168.99000549316406,166.47000122070312,166.6999969482422,37258400
2019-02-01,159.88009643554688,167.4499969482422,168.60000610351562,166.99000549316406,167.3300018310547,32143700
2019-02-04,161.8660430908203,169.52999877929688,169.52999877929688,167.3300018310547,167.47999572753906,26718800
2019-02-05,163.2982940673828,171.02999877929688,171.22999572753906,169.69000244140625,169.75999450683594,28156400
2019-02-06,162.81130981445312,170.52000427246094,171.3699951171875,169.75,171.07000732421875,27970000
2019-02-07,160.6248321533203,168.22999572753906,169.4499969482422,166.9499969482422,169.02999877929688,42036200
2019-02-08,160.93991088867188,168.55999755859375,168.58999633789062,166.57000732421875,166.75999450683594,29020700
2019-02-11,160.787109375,168.39999389648438,169.5800018310547,167.97999572753906,169.1699981689453,21434100
2019-02-12,163.16453552246094,170.88999938964844,171.13999938964844,169.3300018310547,169.6300048828125,29722100
2019-02-13,163.27911376953125,171.00999450683594,172.16000366210938,170.82000732421875,171.64999389648438,26094100
2019-02-14,163.4796600341797,171.22000122070312,171.8300018310547,169.8300018310547,170.39999389648438,30326800
2019-02-15,164.16714477539062,171.94000244140625,172.55999755859375,171.13999938964844,172.52000427246094,32521700
2019-02-19,164.49169921875,172.27999877929688,172.8000030517578,171.3800048828125,171.41000366210938,19487700
2019-02-20,164.4630889892578,172.25,173.0800018310547,171.32000732421875,172.39999389648438,32593000
2019-02-21,163.86154174804688,171.6199951171875,172.25999450683594,170.7100067138672,171.7899932861328,25207400
2019-02-22,165.07415771484375,172.88999938964844,173.00999450683594,171.89999389648438,171.99000549316406,27735400
2019-02-25,165.67567443847656,173.52000427246094,174.66000366210938,173.39999389648438,174.2100067138672,32608800
2019-02-26,165.84751892089844,173.6999969482422,174.25,172.80999755859375,173.10000610351562,21939700
2019-02-27,165.74252319335938,173.58999633789062,173.8000030517578,171.75999450683594,172.89999389648438,25162000
2019-02-28,165.36061096191406,173.19000244140625,173.80999755859375,172.6999969482422,173.0500030517578,25085500
2019-03-01,166.50634765625,174.38999938964844,174.64999389648438,173.17999267578125,174.44000244140625,31431200
2019-03-04,166.5349884033203,174.4199981689453,175.7899932861328,172.47000122070312,175.5399932861328,38063500
2019-03-05,166.65908813476562,174.5500030517578,175.08999633789062,173.69000244140625,174.5500030517578,22319900
2019-03-06,165.71388244628906,173.55999755859375,174.75,173.27999877929688,174.72000122070312,27194600
2019-03-07,163.68014526367188,171.42999267578125,173.17999267578125,170.7899932861328,173.1199951171875,39407400
2019-03-08,163.43191528320312,171.1699981689453,171.25999450683594,169.33999633789062,169.50999450683594,39303200
2019-03-11,166.83096313476562,174.72999572753906,174.85000610351562,171.85000610351562,171.8800048828125,30518400
2019-03-12,167.74761962890625,175.69000244140625,176.13999938964844,174.77000427246094,175.19000244140625,33953500
2019-03-13,169.00787353515625,177.00999450683594,177.92999267578125,176.35000610351562,176.60000610351562,42426100
2019-03-14,168.72149658203125,176.7100067138672,177.33999633789062,176.66000366210938,177.1300048828125,23751500
2019-03-15,170.28732299804688,178.35000610351562,178.8800048828125,177.27999877929688,177.39999389648438,38192000
2019-03-18,170.6929168701172,178.4499969482422,178.99000549316406,177.58999633789062,177.9499969482422,32935100
2019-03-19,171.2667999267578,179.0500030517578,180.0,178.2899932861328,179.17999267578125,36893300
2019-03-20,171.9459686279297,179.75999450683594,180.86000061035156,178.24000549316406,179.05999755859375,50105000
2019-03-21,174.63381958007812,182.57000732421875,182.8300018310547,179.1999969482422,179.22000122070312,42428500
2019-03-22,170.798095703125,178.55999755859375,182.27000427246094,178.3699951171875,181.77999877929688,70794500
2019-03-25,170.472900390625,178.22000122070312,178.83999633789062,176.92999267578125,177.91000366210938,46336500
2019-03-26,171.2667999267578,179.0500030517578,180.69000244140625,178.13999938964844,179.60000610351562,33248100
2019-03-27,170.1668243408203,177.89999389648438,179.72000122070312,176.60000610351562,179.32000732421875,37096700
2019-03-28,170.55897521972656,178.30999755859375,178.97999572753906,177.24000549316406,178.36000061035156,30368200
2019-03-29,171.85032653808594,179.66000366210938,179.8300018310547,178.58999633789062,179.69000244140625,35205500
2019-04-01,174.1268310546875,182.0399932861328,182.25999450683594,180.77000427246094,181.50999450683594,30969500
2019-04-02,174.78684997558594,182.72999572753906,182.91000366210938,181.77999877929688,182.24000549316406,22645200
2019-04-03,175.79124450683594,183.77999877929688,184.9199981689453,183.2100067138672,183.75999450683594,31633500
2019-04-04,175.72427368164062,183.7100067138672,184.5,182.64999389648438,183.8300018310547,28530800
2019-04-05,176.6329803466797,184.66000366210938,184.77000427246094,184.02000427246094,184.24000549316406,25674700
2019-04-08,177.08248901367188,185.1300048828125,185.27999877929688,183.6300048828125,184.36000061035156,22697500
2019-04-09,176.46080017089844,184.47999572753906,185.11000061035156,184.08999633789062,184.5,25631900
2019-04-10,177.40774536132812,185.47000122070312,185.52999877929688,184.52000427246094,184.72000122070312,24563000
2019-04-11,176.98687744140625,185.02999877929688,185.77999877929688,184.69000244140625,185.77999877929688,20654100
2019-04-12,177.7520751953125,185.8300018310547,185.9499969482422,185.05999755859375,185.85000610351562,24989100
2019-04-15,177.7808074951172,185.86000061035156,186.07000732421875,184.6199951171875,185.83999633789062,21073000
2019-04-16,178.39297485351562,186.5,186.91000366210938,185.92999267578125,186.5399932861328,27195700
2019-04-17,179.01473999023438,187.14999389648438,187.92999267578125,186.60000610351562,187.75,29651600
2019-04-18,179.24429321289062,187.38999938964844,187.7899932861328,186.2899932861328,187.4600067138672,28580900
2019-04-22,179.751220703125,187.9199981689453,187.99000549316406,186.42999267578125,186.57000732421875,17936000
2019-04-23,182.03736877441406,190.30999755859375,190.5399932861328,188.1300048828125,188.39999389648438,33665600
2019-04-24,181.46339416503906,189.7100067138672,190.7100067138672,189.64999389648438,190.47000122070312,24977100
2019-04-25,182.19996643066406,190.47999572753906,191.22000122070312,189.4499969482422,191.1300048828125,29517500
2019-04-26,182.36253356933594,190.64999389648438,190.69000244140625,188.58999633789062,190.17999267578125,26359500
2019-04-29,182.7165069580078,191.02000427246094,191.32000732421875,190.33999633789062,190.64999389648438,21716200
2019-04-30,181.30081176757812,189.5399932861328,189.85000610351562,188.2100067138672,189.47999572753906,31495300
2019-05-01,180.7173309326172,188.92999267578125,191.32000732421875,188.8000030517578,190.77999877929688,34797100
2019-05-02,179.9329833984375,188.11000061035156,189.85000610351562,186.8699951171875,188.8699951171875,44110100
2019-05-03,182.8026123046875,191.11000061035156,191.25,189.3300018310547,189.6699981689453,30386200
2019-05-06,181.6834259033203,189.94000244140625,190.1999969482422,186.75999450683594,187.0500030517578,38371800
2019-05-07,178.14427185058594,186.24000549316406,188.6699981689453,184.50999450683594,187.8699951171875,58818100
2019-05-08,177.6947021484375,185.77000427246094,187.1699981689453,184.9600067138672,185.6300048828125,37165300
2019-05-09,176.73817443847656,184.77000427246094,185.41000366210938,182.08999633789062,183.6999969482422,55351700
2019-05-10,176.9581756591797,185.0,185.88999938964844,181.02999877929688,184.11000061035156,58526400
2019-05-13,170.81723022460938,178.5800018310547,181.25999450683594,178.05999755859375,180.2899932861328,67185800
2019-05-14,172.6920166015625,180.5399932861328,181.6300048828125,178.86000061035156,179.52000427246094,43360600
2019-05-15,175.13119506835938,183.08999633789062,183.5500030517578,179.30999755859375,179.35000610351562,40944500
2019-05-16,176.89120483398438,184.92999267578125,186.07000732421875,182.9499969482422,183.1699981689453,39281200
2019-05-17,175.0833282470703,183.0399932861328,185.5800018310547,182.8800048828125,183.10000610351562,44702300
2019-05-20,172.12767028808594,179.9499969482422,181.17999267578125,179.33999633789062,180.49000549316406,38608300
2019-05-21,173.92593383789062,181.8300018310547,182.3300018310547,180.9199981689453,181.5,31613800
2019-05-22,173.15118408203125,181.02000427246094,182.07000732421875,180.75,180.82000732421875,24332600
2019-05-23,170.50152587890625,178.25,179.02000427246094,177.13999938964844,178.94000244140625,45351300
2019-05-24,170.41551208496094,178.16000366210938,179.85000610351562,177.94000244140625,179.2100067138672,25903300
2019-05-28,169.77462768554688,177.49000549316406,179.66000366210938,177.47000122070312,178.66000366210938,24763800
2019-05-29,168.3780975341797,176.02999877929688,177.0,175.08999633789062,176.38999938964844,42178800
2019-05-30,169.0859375,176.77000427246094,177.27000427246094,175.77000427246094,176.5,30354800
2019-05-31,166.3885040283203,173.9499969482422,175.2899932861328,173.8699951171875,174.69000244140625,45446200
2019-06-03,162.72503662109375,170.1199951171875,173.9499969482422,169.27000427246094,173.47999572753906,75842300
2019-06-04,167.3068084716797,174.91000366210938,174.97000122070312,171.3699951171875,172.02999877929688,47797800
2019-06-05,168.55027770996094,176.2100067138672,176.61000061035156,174.3800048828125,176.5800018310547,34412700
2019-06-06,169.88937377929688,177.61000061035156,178.0399932861328,175.72999572753906,176.50999450683594,29913200
2019-06-07,173.1702880859375,181.0399932861328,181.77000427246094,178.3300018310547,178.55999755859375,45888300
2019-06-10,175.1885528564453,183.14999389648438,184.85000610351562,182.2100067138672,182.25,41385300
2019-06-11,175.427734375,183.39999389648438,185.39999389648438,182.77999877929688,185.05999755859375,41260300
2019-06-12,174.41380310058594,182.33999633789062,183.27999877929688,182.0,182.89999389648438,27758100
2019-06-13,175.44688415527344,183.4199981689453,183.8699951171875,182.74000549316406,183.10000610351562,23715800
2019-06-14,174.70079040527344,182.63999938964844,183.11000061035156,181.94000244140625,182.47999572753906,22844100
2019-06-17,175.75294494628906,183.74000549316406,184.25,182.83999633789062,183.0399932861328,20379500
2019-06-18,178.306884765625,186.41000366210938,187.72000122070312,185.42999267578125,185.91000366210938,48177300
2019-06-19,178.97642517089844,187.11000061035156,187.52999877929688,185.57000732421875,186.66000366210938,31672900
2019-06-20,180.6407928466797,188.85000610351562,189.75999450683594,187.16000366210938,189.72000122070312,40922000
2019-06-21,180.37301635742188,188.57000732421875,189.77000427246094,188.1699981689453,188.6300048828125,39980400
2019-06-24,180.37876892089844,188.16000366210938,188.72000122070312,188.05999755859375,188.52999877929688,19375200
2019-06-25,177.2823028564453,184.92999267578125,188.13999938964844,184.64999389648438,188.02999877929688,33921100
2019-06-26,178.10675048828125,185.7899932861328,187.3300018310547,185.49000549316406,186.16000366210938,22595700
2019-06-27,178.7873992919922,186.5,186.94000244140625,185.99000549316406,186.4600067138672,19709200
2019-06-28,179.0174560546875,186.74000549316406,187.14999389648438,186.07000732421875,186.9499969482422,21179200
2019-07-01,181.43324279785156,189.25999450683594,190.57000732421875,188.3800048828125,190.32000732421875,31025600
2019-07-02,182.15219116210938,190.00999450683594,190.02999877929688,188.66000366210938,189.1999969482422,18035800
2019-07-03,183.52310180664062,191.44000244140625,191.44000244140625,190.2899932861328,190.49000549316406,15792100
2019-07-05,183.1492462158203,191.0500030517578,191.39999389648438,189.38999938964844,190.1300048828125,21415600
2019-07-08,181.86460876464844,189.7100067138672,189.8699951171875,188.92999267578125,189.80999755859375,17598800
2019-07-09,182.77532958984375,190.66000366210938,190.89999389648438,188.64999389648438,188.80999755859375,19193500
2019-07-10,184.59678649902344,192.55999755859375,193.08999633789062,191.47000122070312,191.82000732421875,28374500
2019-07-11,184.46258544921875,192.4199981689453,193.33999633789062,191.80999755859375,192.85000610351562,23736100
2019-07-12,185.52664184570312,193.52999877929688,193.5399932861328,192.4499969482422,192.6300048828125,20211900
2019-07-15,186.12100219726562,194.14999389648438,194.19000244140625,193.44000244140625,193.97999572753906,15606100
2019-07-16,185.16238403320312,193.14999389648438,194.08999633789062,192.55999755859375,193.91000366210938,20190900
2019-07-17,184.2516632080078,192.1999969482422,193.49000549316406,192.17999267578125,193.14999389648438,16765100
2019-07-18,184.46258544921875,192.4199981689453,192.7899932861328,190.69000244140625,191.2899932861328,28877000
2019-07-19,183.1108856201172,191.00999450683594,193.8300018310547,190.80999755859375,193.74000549316406,29387900
2019-07-22,184.56802368164062,192.52999877929688,192.94000244140625,191.44000244140625,191.44000244140625,18954900
2019-07-23,185.77590942382812,193.7899932861328,193.80999755859375,192.2899932861328,193.5800018310547,23786700
2019-07-24,187.07968139648438,195.14999389648438,195.16000366210938,193.02999877929688,193.0500030517578,20422900
2019-07-25,185.30616760253906,193.3000030517578,194.52000427246094,192.92999267578125,194.49000549316406,23434700
2019-07-26,187.21388244628906,195.2899932861328,195.5500030517578,194.42999267578125,194.52999877929688,20431200
2019-07-29,186.57159423828125,194.6199951171875,195.17999267578125,193.38999938964844,195.11000061035156,20451700
2019-07-30,185.76632690429688,193.77999877929688,194.5399932861328,192.99000549316406,193.1300048828125,18705000
2019-07-31,183.1971893310547,191.10000610351562,194.42999267578125,189.32000732421875,194.3000030517578,41627500
2019-08-01,182.2864227294922,190.14999389648438,194.97999572753906,189.22999572753906,191.42999267578125,63251600
2019-08-02,179.6022186279297,187.35000610351562,188.99000549316406,186.2100067138672,188.72000122070312,55214000
2019-08-05,173.25599670410156,180.72999572753906,183.50999450683594,179.1999969482422,183.42999267578125,75040000
2019-08-06,175.6813507080078,183.25999450683594,183.8000030517578,181.07000732421875,182.39999389648438,41897200
2019-08-07,176.6304473876953,184.25,184.50999450683594,179.88999938964844,181.27000427246094,49990600
2019-08-08,180.474609375,188.25999450683594,188.32000732421875,184.57000732421875,185.0800018310547,38418100
2019-08-09,178.77780151367188,186.49000549316406,188.0,185.02999877929688,187.36000061035156,33608900
2019-08-12,176.72630310058594,184.35000610351562,185.89999389648438,183.5,185.33999633789062,24642900
2019-08-13,180.59921264648438,188.38999938964844,189.67999267578125,184.02000427246094,184.19000244140625,40241900
2019-08-14,175.2020721435547,182.75999450683594,185.9499969482422,182.4199981689453,185.36000061035156,51000500
2019-08-15,175.000732421875,182.5500030517578,183.58999633789062,181.16000366210938,183.0,36685000
2019-08-16,177.8095703125,185.47999572753906,185.9499969482422,184.10000610351562,184.2100067138672,32781400
2019-08-19,180.6375732421875,188.42999267578125,188.8300018310547,187.5,188.16000366210938,22494100
2019-08-20,179.23794555664062,186.97000122070312,188.63999938964844,186.9199981689453,187.9600067138672,19902900
2019-08-21,180.8292999267578,188.6300048828125,189.22999572753906,187.9600067138672,188.61000061035156,20418500
2019-08-22,180.2445526123047,188.02000427246094,189.4600067138672,186.5399932861328,188.97999572753906,24243700
2019-08-23,174.54058837890625,182.07000732421875,188.4499969482422,181.55999755859375,186.74000549316406,55372400
2019-08-26,177.17686462402344,184.82000732421875,184.8699951171875,183.0800018310547,184.13999938964844,27598900
2019-08-27,176.802978515625,184.42999267578125,186.4199981689453,183.7100067138672,186.11000061035156,28012800
2019-08-28,177.43568420410156,185.08999633789062,185.39999389648438,182.91000366210938,183.8300018310547,21792400
2019-08-29,180.1486358642578,187.9199981689453,188.4600067138672,186.67999267578125,187.38999938964844,25358900
2019-08-30,179.71728515625,187.47000122070312,188.97000122070312,186.41000366210938,188.92999267578125,26319800
2019-09-03,177.9725341796875,185.64999389648438,187.17999267578125,185.02999877929688,186.22000122070312,27964200
2019-09-04,180.54171752929688,188.3300018310547,188.49000549316406,186.89999389648438,187.44000244140625,21592100
2019-09-05,183.8490753173828,191.77999877929688,192.3300018310547,190.33999633789062,190.41000366210938,33932600
2019-09-06,183.66693115234375,191.58999633789062,192.1699981689453,191.1699981689453,192.10000610351562,19487800
2019-09-09,183.28341674804688,191.19000244140625,192.27000427246094,190.22000122070312,192.19000244140625,24407600
2019-09-10,182.75616455078125,190.63999938964844,190.74000549316406,188.91000366210938,190.16000366210938,23744700
2019-09-11,184.4721221923828,192.42999267578125,192.52999877929688,190.55999755859375,191.0,25063600
2019-09-12,185.23907470703125,193.22999572753906,194.7100067138672,192.97000122070312,193.61000061035156,28689900
2019-09-13,184.5775909423828,192.5399932861328,193.39999389648438,192.2899932861328,192.9499969482422,27669800
2019-09-16,183.753173828125,191.67999267578125,192.0800018310547,191.11000061035156,191.3000030517578,20319000
2019-09-17,184.63516235351562,192.60000610351562,192.60000610351562,191.2899932861328,191.6999969482422,20953400
2019-09-18,184.55845642089844,192.52000427246094,192.60000610351562,190.11000061035156,192.1999969482422,29781300
2019-09-19,184.86520385742188,192.83999633789062,194.0399932861328,192.47000122070312,192.86000061035156,26039400
2019-09-20,182.90960693359375,190.8000030517578,193.30999755859375,190.16000366210938,193.11000061035156,29086100
2019-09-23,182.99026489257812,190.5,191.07000732421875,189.72000122070312,190.36000061035156,22485900
2019-09-24,180.55999755859375,187.97000122070312,191.7899932861328,187.14999389648438,191.3699951171875,40820700
2019-09-25,182.58682250976562,190.0800018310547,190.5800018310547,186.2100067138672,187.77999877929688,34704900
2019-09-26,181.91439819335938,189.3800048828125,190.0,187.97999572753906,189.8300018310547,26826000
2019-09-27,179.65701293945312,187.02999877929688,189.8300018310547,185.75,189.72999572753906,40773500
2019-09-30,181.36685180664062,188.80999755859375,189.11000061035156,187.39999389648438,187.7899932861328,26307700
2019-10-01,179.88760375976562,187.27000427246094,190.58999633789062,186.9600067138672,189.5,32367600
2019-10-02,176.79452514648438,184.0500030517578,186.02999877929688,183.02000427246094,186.0,48544300
2019-10-03,178.73483276367188,186.07000732421875,186.2100067138672,181.82000732421875,184.02999877929688,39392500
2019-10-04,181.36685180664062,188.80999755859375,189.0800018310547,186.8800048828125,187.0800018310547,31887600
2019-10-07,180.81932067871094,188.24000549316406,189.74000549316406,187.91000366210938,188.27000427246094,21216000
2019-10-08,178.1105194091797,185.4199981689453,187.86000061035156,185.27000427246094,187.05999755859375,32379300
2019-10-09,179.84915161132812,187.22999572753906,188.0800018310547,186.42999267578125,186.99000549316406,20147400
2019-10-10,181.2419891357422,188.67999267578125,189.42999267578125,187.1199951171875,187.27999877929688,25177700
2019-10-11,183.57623291015625,191.11000061035156,192.6300048828125,190.72000122070312,190.8300018310547,40976700
2019-10-14,183.55699157714844,191.08999633789062,191.6999969482422,190.64999389648438,190.83999633789062,14975000
2019-10-15,185.89122009277344,193.52000427246094,193.97000122070312,191.55999755859375,191.67999267578125,23234200
2019-10-16,185.43011474609375,193.0399932861328,193.52999877929688,192.42999267578125,192.86000061035156,20457100
2019-10-17,185.9200439453125,193.5500030517578,194.5,192.80999755859375,194.1999969482422,19045200
2019-10-18,184.13331604003906,191.69000244140625,193.6699981689453,190.7100067138672,193.1999969482422,27700800
2019-10-21,185.76634216308594,193.38999938964844,193.52000427246094,192.13999938964844,192.7100067138672,15801200
2019-10-22,184.2870330810547,191.85000610351562,194.4199981689453,191.7899932861328,194.14999389648438,22392300
2019-10-23,184.6424560546875,192.22000122070312,192.25999450683594,191.14999389648438,191.4600067138672,14828400
2019-10-24,186.43875122070312,194.08999633789062,194.2100067138672,192.74000549316406,193.58999633789062,18998500
2019-10-25,187.92762756347656,195.63999938964844,195.74000549316406,193.0500030517578,193.08999633789062,21507100
2019-10-28,189.78158569335938,197.57000732421875,197.8300018310547,196.5500030517578,196.5500030517578,18818700
2019-10-29,188.3118438720703,196.0399932861328,197.5399932861328,196.00999450683594,197.24000549316406,18569700
2019-10-30,189.22442626953125,196.99000549316406,197.32000732421875,195.2899932861328,196.4199981689453,21764300
2019-10-31,189.31085205078125,197.0800018310547,197.64999389648438,195.94000244140625,197.55999755859375,26801800
2019-11-01,191.03030395507812,198.8699951171875,198.8800048828125,197.6300048828125,197.92999267578125,22131900
2019-11-04,192.21182250976562,200.10000610351562,200.52999877929688,198.8699951171875,200.19000244140625,19015900
2019-11-05,192.31747436523438,200.2100067138672,200.5500030517578,199.5500030517578,200.35000610351562,15048900
2019-11-06,191.88522338867188,199.75999450683594,200.0,198.7899932861328,199.97999572753906,19725500
2019-11-07,192.52880859375,200.42999267578125,201.72000122070312,199.85000610351562,200.75999450683594,17832400
2019-11-08,193.2972869873047,201.22999572753906,201.25,199.5399932861328,200.07000732421875,15258800
2019-11-11,193.03785705566406,200.9600067138672,201.0399932861328,199.94000244140625,200.2100067138672,10147600
2019-11-12,193.59503173828125,201.5399932861328,202.2100067138672,200.82000732421875,201.1300048828125,14778300
2019-11-13,193.64305114746094,201.58999633789062,201.77999877929688,200.7100067138672,200.83999633789062,15774600
2019-11-14,193.48939514160156,201.42999267578125,201.55999755859375,200.22000122070312,200.8300018310547,16945400
2019-11-15,194.91104125976562,202.91000366210938,202.91000366210938,202.0,202.64999389648438,18427900
2019-11-18,195.0647735595703,203.07000732421875,203.38999938964844,201.77000427246094,202.58999633789062,18365900
2019-11-19,195.35292053222656,203.3699951171875,203.83999633789062,202.58999633789062,203.83999633789062,16923300
2019-11-20,194.18096923828125,202.14999389648438,203.4499969482422,200.6199951171875,202.83999633789062,36629000
2019-11-21,193.7487030029297,201.6999969482422,202.07000732421875,201.07000732421875,201.92999267578125,17883600
2019-11-22,193.87364196777344,201.8300018310547,202.32000732421875,200.74000549316406,202.1999969482422,17189600
2019-11-25,196.1693572998047,204.22000122070312,204.25999450683594,202.6699981689453,202.6999969482422,17752800
2019-11-26,196.5439910888672,204.61000061035156,204.8699951171875,204.0500030517578,204.35000610351562,14780600
2019-11-27,197.9176025390625,206.0399932861328,206.0500030517578,204.88999938964844,205.13999938964844,16963100
2019-11-29,197.0146942138672,205.10000610351562,205.8300018310547,205.0,205.52000427246094,9854600
2019-12-02,194.99746704101562,203.0,205.17999267578125,201.77999877929688,205.11000061035156,28007000
2019-12-03,193.47015380859375,201.41000366210938,201.49000549316406,199.22999572753906,200.2100067138672,31104100
2019-12-04,194.44992065429688,202.42999267578125,202.91000366210938,202.13999938964844,202.44000244140625,15300100
2019-12-05,194.83416748046875,202.8300018310547,203.14999389648438,201.83999633789062,203.14999389648438,14962300
2019-12-06,196.9186248779297,205.0,205.14999389648438,204.14999389648438,204.30999755859375,16555300
2019-12-09,196.02529907226562,204.07000732421875,205.58999633789062,203.97999572753906,204.6300048828125,13984100
2019-12-10,195.86199951171875,203.89999389648438,204.8800048828125,203.44000244140625,204.1699981689453,21799800
2019-12-11,196.8994140625,204.97999572753906,205.19000244140625,204.0399932861328,204.36000061035156,18780800
2019-12-12,198.36912536621094,206.50999450683594,207.32000732421875,204.49000549316406,204.77000427246094,32612000
2019-12-13,199.0222930908203,207.19000244140625,207.91000366210938,205.9600067138672,206.39999389648438,32519400
2019-12-16,201.020263671875,209.27000427246094,209.52999877929688,208.47999572753906,208.5500030517578,21296600
2019-12-17,201.13558959960938,209.38999938964844,209.7100067138672,209.0399932861328,209.5399932861328,15996100
2019-12-18,201.28929138183594,209.5500030517578,210.1300048828125,209.3300018310547,209.57000732421875,15443300
2019-12-19,202.54762268066406,210.86000061035156,210.92999267578125,209.6199951171875,209.63999938964844,17865900
2019-12-20,203.36415100097656,211.7100067138672,212.52000427246094,211.27000427246094,211.86000061035156,27672600
2019-12-23,203.90127563476562,211.80999755859375,212.14999389648438,211.6300048828125,212.0,23774700
2019-12-24,204.00718688964844,211.9199981689453,212.08999633789062,211.44000244140625,212.0,7089000
2019-12-26,205.80734252929688,213.7899932861328,213.80999755859375,212.22999572753906,212.25999450683594,17067500
2019-12-27,205.6340789794922,213.61000061035156,214.55999755859375,213.0399932861328,214.5399932861328,18134100
2019-12-30,204.28636169433594,212.2100067138672,213.6300048828125,211.16000366210938,213.5,21815500
2019-12-31,204.6714324951172,212.61000061035156,212.75999450683594,211.1999969482422,211.52999877929688,18170900
2020-01-02,208.0889129638672,216.16000366210938,216.16000366210938,213.97999572753906,214.39999389648438,30969400
2020-01-03,206.1827850341797,214.17999267578125,215.47000122070312,213.27999877929688,213.3000030517578,27518900
2020-01-06,207.5112762451172,215.55999755859375,215.58999633789062,212.24000549316406,212.5,21655300
2020-01-07,207.48239135742188,215.52999877929688,216.13999938964844,214.85000610351562,215.63999938964844,22139300
2020-01-08,209.04190063476562,217.14999389648438,218.13999938964844,215.16000366210938,215.5,26397300
2020-01-09,210.813232421875,218.99000549316406,219.41000366210938,217.7100067138672,218.94000244140625,23547000
2020-01-10,210.27410888671875,218.42999267578125,219.8699951171875,218.0399932861328,219.85000610351562,21898500
2020-01-13,212.7000732421875,220.9499969482422,220.97999572753906,218.97999572753906,219.3300018310547,22756900
2020-01-14,211.8625030517578,220.0800018310547,221.2100067138672,219.74000549316406,220.83999633789062,24418100
2020-01-15,211.9491424560547,220.1699981689453,221.1999969482422,219.4499969482422,220.1999969482422,25742100
2020-01-16,213.9803466796875,222.27999877929688,222.32000732421875,220.8000030517578,221.27000427246094,18805000
2020-01-17,215.0392608642578,223.3800048828125,223.55999755859375,222.1199951171875,223.27999877929688,24325200
2020-01-21,214.9429931640625,223.27999877929688,223.83999633789062,222.66000366210938,222.75999450683594,21146300
2020-01-22,215.51097106933594,223.8699951171875,225.14999389648438,223.58999633789062,224.41000366210938,20736400
2020-01-23,216.20411682128906,224.58999633789062,224.69000244140625,222.6999969482422,223.74000549316406,26496100
2020-01-24,214.38467407226562,222.6999969482422,225.8800048828125,221.6699981689453,225.63999938964844,37436500
2020-01-27,209.9564208984375,218.10000610351562,219.27999877929688,217.17999267578125,217.6699981689453,42264400
2020-01-28,213.1813507080078,221.4499969482422,221.9600067138672,219.05999755859375,219.63999938964844,26731900
2020-01-29,213.5279083251953,221.80999755859375,222.92999267578125,220.8300018310547,222.67999267578125,28924500
2020-01-30,214.28843688964844,222.60000610351562,222.6999969482422,219.69000244140625,220.3800048828125,39568100
2020-01-31,210.89024353027344,219.07000732421875,223.55999755859375,218.2899932861328,223.52999877929688,52015800
2020-02-03,214.0765838623047,222.3800048828125,222.88999938964844,219.99000549316406,220.13999938964844,25408600
2020-02-04,218.97654724121094,227.47000122070312,227.86000061035156,224.64999389648438,225.4199981689453,30691200
2020-02-05,219.69859313964844,228.22000122070312,230.25,226.85000610351562,230.2100067138672,38534800
2020-02-06,221.5950164794922,230.19000244140625,230.25,227.97999572753906,228.7899932861328,22467100
2020-02-07,220.64198303222656,229.1999969482422,230.44000244140625,228.5399932861328,229.16000366210938,25884900
2020-02-10,223.3085479736328,231.97000122070312,231.97999572753906,228.3800048828125,228.44000244140625,21478900
2020-02-11,223.34703063964844,232.00999450683594,234.02000427246094,231.39999389648438,233.25,30198000
2020-02-12,225.52267456054688,234.27000427246094,234.3800048828125,232.8000030517578,233.3800048828125,24471300
2020-02-13,225.23385620117188,233.97000122070312,234.92999267578125,232.36000061035156,232.63999938964844,22773200
2020-02-14,225.87884521484375,234.63999938964844,234.86000061035156,233.5500030517578,234.33999633789062,23438500
2020-02-18,225.96548461914062,234.72999572753906,235.1699981689453,233.25,233.5,24394500
2020-02-19,228.13145446777344,236.97999572753906,237.47000122070312,235.85000610351562,236.1300048828125,22230500
2020-02-20,226.01365661621094,234.77999877929688,236.9499969482422,231.8800048828125,236.4600067138672,42604000
2020-02-21,221.6720428466797,230.27000427246094,234.00999450683594,229.32000732421875,233.61000061035156,66017200
2020-02-24,213.12359619140625,221.38999938964844,224.25,220.25999450683594,221.67999267578125,84522600
2020-02-25,207.32835388183594,215.3699951171875,223.99000549316406,214.74000549316406,223.25,97743000
2020-02-26,208.39691162109375,216.47999572753906,220.27999877929688,214.89999389648438,216.7100067138672,79537700
2020-02-27,197.96163940429688,205.63999938964844,216.4199981689453,205.5,210.89999389648438,121822600
2020-02-28,198.1156768798828,205.8000030517578,207.1699981689453,198.1699981689453,198.63999938964844,148173700
2020-03-02,208.33914184570312,216.4199981689453,216.57000732421875,205.94000244140625,208.8800048828125,112933900
2020-03-03,201.65830993652344,209.47999572753906,219.61000061035156,207.6199951171875,217.11000061035156,131953500
2020-03-04,210.0719451904297,218.22000122070312,218.3300018310547,211.3699951171875,213.32000732421875,73086200
2020-03-05,203.68948364257812,211.58999633789062,216.36000061035156,210.10000610351562,212.69000244140625,78705500
2020-03-06,200.25282287597656,208.02000427246094,209.14999389648438,202.91000366210938,204.6699981689453,89828400
2020-03-09,186.34234619140625,193.57000732421875,201.16000366210938,192.11000061035156,193.47999572753906,116424000
2020-03-10,196.48880004882812,204.11000061035156,204.3000030517578,193.67999267578125,201.11000061035156,100599200
2020-03-11,187.93077087402344,195.22000122070312,200.75,192.72999572753906,199.35000610351562,89168800
2020-03-12,170.69908142089844,177.32000732421875,190.77999877929688,176.94000244140625,182.08999633789062,137820700
2020-03-13,185.15826416015625,192.33999633789062,194.47999572753906,178.1300048828125,187.07000732421875,134882000
2020-03-16,162.97857666015625,169.3000030517578,184.67999267578125,169.16000366210938,174.14999389648438,92054400
2020-03-17,175.33914184570312,182.13999938964844,184.38999938964844,169.77999877929688,175.47000122070312,121257100
2020-03-18,170.0060272216797,176.60000610351562,179.22000122070312,166.8000030517578,171.61000061035156,114156300
2020-03-19,171.02642822265625,177.66000366210938,183.49000549316406,171.6300048828125,175.69000244140625,120896500
2020-03-20,164.32632446289062,170.6999969482422,182.8699951171875,170.10000610351562,181.74000549316406,118983900
2020-03-23,164.44493103027344,170.4600067138672,174.2100067138672,164.92999267578125,170.9199981689453,124639800
2020-03-24,177.17913818359375,183.66000366210938,183.8300018310547,177.9499969482422,179.91000366210938,94881800
2020-03-25,175.86712646484375,182.3000030517578,189.50999450683594,179.97999572753906,184.4199981689453,88754900
2020-03-26,185.12835693359375,191.89999389648438,192.72000122070312,183.61000061035156,183.8699951171875,79887600
2020-03-27,178.7612762451172,185.3000030517578,190.50999450683594,184.66000366210938,186.92999267578125,58845000
2020-03-30,185.26344299316406,192.0399932861328,192.49000549316406,186.33999633789062,187.05999755859375,49356900
2020-03-31,183.68130493164062,190.39999389648438,195.25,189.1999969482422,191.72000122070312,62659300
2020-04-01,175.87680053710938,182.30999755859375,187.66000366210938,180.86000061035156,184.77000427246094,53715400
2020-04-02,179.4462127685547,186.00999450683594,190.10000610351562,180.97000122070312,181.24000549316406,56465300
2020-04-03,176.8993682861328,183.3699951171875,187.07000732421875,181.2899932861328,185.5500030517578,47487600
2020-04-06,189.5467529296875,196.47999572753906,197.64999389648438,189.19000244140625,190.47999572753906,64763500
2020-04-07,189.46958923339844,196.39999389648438,202.66000366210938,196.0,202.3699951171875,69904500
2020-04-08,193.49244689941406,200.57000732421875,201.1699981689453,196.1699981689453,198.14999389648438,45940400
2020-04-09,193.772216796875,200.86000061035156,203.22000122070312,199.02999877929688,202.35000610351562,68252600
2020-04-13,195.8656463623047,203.02999877929688,203.4199981689453,198.75,200.0,42853900
2020-04-14,204.38401794433594,211.86000061035156,212.5,206.4199981689453,207.22999572753906,63959600
2020-04-15,202.03981018066406,209.42999267578125,211.8300018310547,207.1199951171875,208.47999572753906,47036000
2020-04-16,205.72496032714844,213.25,214.3699951171875,209.69000244140625,211.69000244140625,64657400
2020-04-17,207.69302368164062,215.2899932861328,216.50999450683594,212.0800018310547,216.1699981689453,62863200
2020-04-20,205.2329864501953,212.74000549316406,215.8800048828125,212.57000732421875,213.36000061035156,38249100
2020-04-21,197.6600341796875,204.88999938964844,211.16000366210938,203.6300048828125,210.60000610351562,72932800
2020-04-22,203.52545166015625,210.97000122070312,212.35000610351562,208.3300018310547,209.10000610351562,40089100
2020-04-23,203.09130859375,210.52000427246094,214.44000244140625,210.10000610351562,211.7899932861328,43278500
2020-04-24,206.29417419433594,213.83999633789062,214.3000030517578,209.5,210.97000122070312,34231900
2020-04-27,207.95347595214844,215.55999755859375,216.6300048828125,214.5,216.19000244140625,36451700
2020-04-28,204.03675842285156,211.5,217.32000732421875,211.2100067138672,217.32000732421875,46862800
2020-04-29,211.27215576171875,219.0,219.97000122070312,215.13999938964844,216.19000244140625,48716400
2020-04-30,211.18527221679688,218.91000366210938,220.0399932861328,217.35000610351562,219.9499969482422,43359500
2020-05-01,205.2329864501953,212.74000549316406,216.6699981689453,211.67999267578125,214.5,48795000
2020-05-04,207.62548828125,215.22000122070312,215.4499969482422,211.1199951171875,211.4600067138672,32841000
2020-05-05,209.9793701171875,217.66000366210938,220.13999938964844,216.85000610351562,217.44000244140625,37783100
2020-05-06,211.27215576171875,219.0,221.0399932861328,218.11000061035156,219.39999389648438,36455200
2020-05-07,213.9925994873047,221.82000732421875,222.72999572753906,220.4199981689453,221.82000732421875,38624800
2020-05-08,216.92532348632812,224.86000061035156,225.0,222.47999572753906,223.5500030517578,31852300
2020-05-11,218.86434936523438,226.8699951171875,227.92999267578125,223.25,223.49000549316406,35714100
2020-05-12,214.281982421875,222.1199951171875,228.10000610351562,222.08999633789062,227.49000549316406,41054100
2020-05-13,211.60009765625,219.33999633789062,224.61000061035156,216.7100067138672,222.66000366210938,65521200
2020-05-14,214.00225830078125,221.8300018310547,221.8699951171875,215.99000549316406,217.97000122070312,51549300
2020-05-15,215.39144897460938,223.27000427246094,223.3300018310547,218.3300018310547,218.77999877929688,55747200
2020-05-18,219.40467834472656,227.42999267578125,228.67999267578125,225.47000122070312,226.27999877929688,42398100
2020-05-19,218.854736328125,226.86000061035156,229.85000610351562,226.7100067138672,227.6999969482422,36237300
2020-05-20,223.22488403320312,231.38999938964844,231.75999450683594,229.47999572753906,229.5,37417000
2020-05-21,220.79379272460938,228.8699951171875,232.13999938964844,228.33999633789062,231.44000244140625,43642900
2020-05-22,221.555908203125,229.66000366210938,229.8699951171875,227.5,228.4499969482422,28762400
2020-05-26,220.9578094482422,229.0399932861328,233.57000732421875,228.7899932861328,233.36000061035156,33055300
2020-05-27,222.16371154785156,230.2899932861328,230.41000366210938,223.94000244140625,228.69000244140625,55665600
2020-05-28,221.8743133544922,229.99000549316406,233.47000122070312,229.0500030517578,229.11000061035156,42784300
2020-05-29,225.1253662109375,233.36000061035156,233.60000610351562,228.75999450683594,230.3800048828125,50691800
2020-06-01,225.80072021484375,234.05999755859375,234.4499969482422,232.0,232.4600067138672,25776000
2020-06-02,227.31527709960938,235.6300048828125,235.69000244140625,232.00999450683594,234.5,33383400
2020-06-03,228.33786010742188,236.69000244140625,237.47000122070312,235.35000610351562,236.25999450683594,37228700
2020-06-04,226.7364044189453,235.02999877929688,237.7899932861328,233.67999267578125,236.3300018310547,38716100
2020-06-05,231.2320098876953,239.69000244140625,240.3000030517578,235.6300048828125,236.22000122070312,47365600
2020-06-08,233.02638244628906,241.5500030517578,241.67999267578125,237.91000366210938,239.5399932861328,32937300
2020-06-09,234.71466064453125,243.3000030517578,244.17999267578125,240.47000122070312,240.66000366210938,35046300
2020-06-10,237.53155517578125,246.22000122070312,247.82000732421875,244.50999450683594,245.0500030517578,58084400
2020-06-11,225.76206970214844,234.02000427246094,243.58999633789062,233.9600067138672,242.16000366210938,72919400
2020-06-12,227.55648803710938,235.8800048828125,240.39999389648438,231.74000549316406,239.08999633789062,72034800
2020-06-15,230.32516479492188,238.75,239.4499969482422,231.47000122070312,232.44000244140625,45307400
2020-06-16,234.2804718017578,242.85000610351562,244.38999938964844,239.10000610351562,243.77999877929688,48890100
2020-06-17,235.0233154296875,243.6199951171875,245.5,242.72999572753906,244.39999389648438,34749300
2020-06-18,235.66004943847656,244.27999877929688,244.52999877929688,242.49000549316406,243.2899932861328,30578600
2020-06-19,235.6214599609375,244.24000549316406,247.0,242.4499969482422,246.72999572753906,49422100
2020-06-22,238.4471893310547,246.74000549316406,246.8699951171875,243.3800048828125,243.67999267578125,24068700
2020-06-23,240.4765625,248.83999633789062,251.14999389648438,247.82000732421875,248.38999938964844,32767400
2020-06-24,235.51901245117188,243.7100067138672,249.3300018310547,242.16000366210938,248.05999755859375,46032400
2020-06-25,237.7610321044922,246.02999877929688,246.33999633789062,241.13999938964844,243.8000030517578,36940800
2020-06-26,232.1462860107422,240.22000122070312,245.9600067138672,239.67999267578125,245.77999877929688,52824600
2020-06-29,234.67825317382812,242.83999633789062,242.85000610351562,237.35000610351562,239.97000122070312,34377800
2020-06-30,239.27828979492188,247.60000610351562,248.16000366210938,242.5800018310547,242.77000427246094,38909200
2020-07-01,242.0711212158203,250.49000549316406,251.52000427246094,247.0800018310547,247.63999938964844,34689200
2020-07-02,243.71400451660156,252.19000244140625,254.27000427246094,251.7100067138672,253.02000427246094,31956500
2020-07-06,249.7056427001953,258.3900146484375,258.92999267578125,255.42999267578125,255.4499969482422,34589000
2020-07-07,247.98541259765625,256.6099853515625,260.8800048828125,256.29998779296875,258.1300048828125,36578200
2020-07-08,251.2517852783203,259.989990234375,260.0199890136719,256.5,257.9800109863281,30426300
2020-07-09,253.36825561523438,262.17999267578125,262.8699951171875,257.6300048828125,261.9700012207031,40312900
2020-07-10,255.09808349609375,263.9700012207031,264.2300109863281,259.260009765625,262.0299987792969,32885300
2020-07-13,249.85060119628906,258.5400085449219,269.7900085449219,257.69000244140625,266.9100036621094,64108100
2020-07-14,251.61911010742188,260.3699951171875,260.7900085449219,252.75999450683594,255.92999267578125,72230500
2020-07-15,252.1312713623047,260.8999938964844,262.69000244140625,257.489990234375,261.8299865722656,54523900
2020-07-16,250.41104125976562,259.1199951171875,259.7799987792969,255.6199951171875,258.0199890136719,47594100
2020-07-17,250.70106506347656,259.4200134277344,260.30999755859375,257.1700134277344,259.5899963378906,35137900
2020-07-20,257.8136901855469,266.7799987792969,267.42999267578125,258.7900085449219,260.0799865722656,40610100
2020-07-21,255.1270751953125,264.0,268.4100036621094,263.1300048828125,268.3999938964844,43243800
2020-07-22,256.0257568359375,264.92999267578125,265.8900146484375,262.54998779296875,264.510009765625,29865500
2020-07-23,249.33840942382812,258.010009765625,265.239990234375,256.54998779296875,264.510009765625,51363500
2020-07-24,246.97071838378906,255.55999755859375,256.92999267578125,251.32000732421875,254.0399932861328,54054500
2020-07-27,251.37747192382812,260.1199951171875,260.5199890136719,256.45001220703125,257.260009765625,36445700
2020-07-28,248.17872619628906,256.80999755859375,259.8500061035156,256.510009765625,259.30999755859375,31302400
2020-07-29,251.03924560546875,259.7699890136719,260.6600036621094,257.9100036621094,258.3999938964844,27556900
2020-07-30,252.35348510742188,261.1300048828125,261.7099914550781,256.54998779296875,257.739990234375,41774500
2020-07-31,256.8569030761719,265.7900085449219,265.95001220703125,260.8500061035156,265.9100036621094,53686300
2020-08-03,260.3262023925781,269.3800048828125,270.1499938964844,267.8699951171875,268.0,32081600
2020-08-04,261.2926330566406,270.3800048828125,270.4800109863281,268.0899963378906,268.8599853515625,24911300
2020-08-05,261.94012451171875,271.04998779296875,271.5199890136719,269.9599914550781,270.8800048828125,21612100
2020-08-06,265.4095153808594,274.6400146484375,274.9800109863281,270.19000244140625,270.8500061035156,28048200
2020-08-07,262.3459777832031,271.4700012207031,274.8800048828125,269.25,274.0799865722656,44969400
2020-08-10,261.22503662109375,270.30999755859375,271.9800109863281,266.6700134277344,271.7699890136719,35088400
2020-08-11,256.277099609375,265.19000244140625,270.44000244140625,264.6300048828125,269.1099853515625,43104300
2020-08-12,262.722900390625,271.8599853515625,272.8399963378906,267.3699951171875,267.4200134277344,38773400
2020-08-13,263.3221130371094,272.4800109863281,274.8299865722656,271.510009765625,272.6600036621094,31895700
2020-08-14,263.0128479003906,272.1600036621094,273.3999938964844,270.7200012207031,273.1199951171875,30799500
2020-08-17,266.06658935546875,275.32000732421875,275.8399963378906,272.20001220703125,273.92999267578125,24803000
2020-08-18,268.6274719238281,277.9700012207031,278.4599914550781,274.9100036621094,276.4200134277344,23529500
2020-08-19,266.82037353515625,276.1000061035156,279.0199890136719,275.57000732421875,277.92999267578125,31999400
2020-08-20,270.5216369628906,279.92999267578125,280.42999267578125,274.8599853515625,275.2799987792969,27723400
2020-08-21,272.39642333984375,281.8699951171875,282.3399963378906,279.4599914550781,280.1300048828125,34748900
2020-08-24,274.0972595214844,283.6300048828125,286.0,281.2699890136719,285.25,36418500
2020-08-25,276.2523193359375,285.8599853515625,286.05999755859375,282.3699951171875,282.8299865722656,34866600
2020-08-26,282.1473083496094,291.9599914550781,292.2200012207031,285.8299865722656,287.1499938964844,42216700
2020-08-27,281.2679443359375,291.04998779296875,293.8500061035156,288.7099914550781,292.9700012207031,49482700
2020-08-28,282.6982116699219,292.5299987792969,293.17999267578125,290.92999267578125,292.3299865722656,28021000
2020-08-31,284.9692077636719,294.8800048828125,296.75,292.6199951171875,293.07000732421875,36321000
2020-09-01,289.83978271484375,299.9200134277344,300.0400085449219,295.7900085449219,297.6199951171875,36216200
2020-09-02,292.58441162109375,302.760009765625,303.5,296.8900146484375,303.2799987792969,50836800
2020-09-03,277.750244140625,287.4100036621094,298.6199951171875,284.4100036621094,298.1000061035156,110083300
2020-09-04,274.0489807128906,283.5799865722656,288.92999267578125,271.79998779296875,285.55999755859375,123959000
2020-09-08,260.87713623046875,269.95001220703125,278.2200012207031,269.6600036621094,272.2200012207031,99568600
2020-09-09,268.5405578613281,277.8800048828125,280.04998779296875,273.0,275.6400146484375,64837900
2020-09-10,263.1867980957031,272.3399963378906,282.20001220703125,270.55999755859375,280.94000244140625,69667500
2020-09-11,261.3603515625,270.45001220703125,275.2200012207031,266.8999938964844,274.1499938964844,71809000
2020-09-14,265.9119873046875,275.1600036621094,277.2200012207031,272.9599914550781,274.3599853515625,38525200
2020-09-15,269.6808776855469,279.05999755859375,280.45001220703125,275.1300048828125,279.0299987792969,41849900
2020-09-16,265.3804931640625,274.6099853515625,280.3599853515625,274.25,279.8800048828125,42321000
2020-09-17,261.23468017578125,270.32000732421875,274.3999938964844,266.67999267578125,267.54998779296875,81570800
2020-09-18,257.900634765625,266.8699951171875,272.0899963378906,262.6300048828125,271.7900085449219,86251100
2020-09-21,258.51910400390625,267.510009765625,267.6499938964844,260.1099853515625,262.4700012207031,57168600
2020-09-22,263.3221130371094,272.4800109863281,273.0799865722656,266.5400085449219,269.989990234375,41128900
2020-09-23,255.2816619873047,264.1600036621094,272.3399963378906,263.25,272.1499938964844,48837300
2020-09-24,256.4703674316406,265.3900146484375,268.70001220703125,261.2200012207031,261.3900146484375,70631700
2020-09-25,262.4329833984375,271.55999755859375,272.3999938964844,264.29998779296875,265.9100036621094,55242400
2020-09-28,267.88336181640625,277.20001220703125,277.20001220703125,271.6700134277344,276.5799865722656,58438300
2020-09-29,266.67547607421875,275.95001220703125,277.7099914550781,275.3699951171875,276.6199951171875,27050000
2020-09-30,268.501953125,277.8399963378906,281.0899963378906,275.8699951171875,276.1499938964844,49380800
2020-10-01,272.7637023925781,282.25,282.8800048828125,279.8399963378906,281.7900085449219,50020200
2020-10-02,265.090576171875,274.30999755859375,282.239990234375,273.44000244140625,276.0199890136719,75497400
2020-10-05,270.7439880371094,280.1600036621094,280.489990234375,276.2300109863281,276.3399963378906,28184600
2020-10-06,265.9119873046875,275.1600036621094,281.19000244140625,274.25,279.45001220703125,49704200
2020-10-07,270.51202392578125,279.9200134277344,280.739990234375,277.2799987792969,277.8900146484375,27539700
2020-10-08,271.9519348144531,281.4100036621094,282.4700012207031,280.30999755859375,282.3999938964844,25443300
2020-10-09,276.107421875,285.7099914550781,285.7900085449219,282.7099914550781,283.1099853515625,30201100
2020-10-12,284.6309509277344,294.5299987792969,297.4599914550781,289.4700012207031,290.54998779296875,79370700
2020-10-13,284.6213073730469,294.5199890136719,297.04998779296875,293.1099853515625,296.3900146484375,64240000
2020-10-14,282.2440490722656,292.05999755859375,296.3500061035156,290.260009765625,295.3500061035156,36949100
2020-10-15,280.34991455078125,290.1000061035156,290.7099914550781,286.5400085449219,287.20001220703125,42514200
2020-10-16,278.8133239746094,288.510009765625,293.2699890136719,288.1499938964844,291.79998779296875,40570700
2020-10-19,274.2615966796875,283.79998779296875,291.4800109863281,282.7900085449219,290.489990234375,36756800
2020-10-20,274.85107421875,284.4100036621094,287.6199951171875,282.95001220703125,284.55999755859375,32195400
2020-10-21,274.6385192871094,284.19000244140625,287.32000732421875,283.69000244140625,284.6700134277344,29306100
2020-10-22,274.6288757324219,284.17999267578125,285.9800109863281,280.82000732421875,285.04998779296875,32196200
2020-10-23,275.1700439453125,284.739990234375,284.9100036621094,281.7799987792969,284.7699890136719,24658500
2020-10-26,271.04351806640625,280.4700012207031,285.29998779296875,276.760009765625,282.3800048828125,38421100
2020-10-27,273.1598815917969,282.6600036621094,283.510009765625,280.20001220703125,281.5,30559100
2020-10-28,262.51031494140625,271.6400146484375,278.6400146484375,271.3800048828125,278.010009765625,53413500
2020-10-29,267.1007080078125,276.3900146484375,279.489990234375,272.5199890136719,273.0,43246300
2020-10-30,260.3262023925781,269.3800048828125,275.239990234375,267.07000732421875,274.3399963378906,65838300
2020-11-02,260.9061584472656,269.9800109863281,273.5199890136719,266.9700012207031,271.8500061035156,39987400
2020-11-03,265.4190979003906,274.6499938964844,276.82000732421875,270.8399963378906,271.9599914550781,43604100
2020-11-04,277.26708984375,286.9100036621094,288.7699890136719,281.8699951171875,283.5899963378906,75728200
2020-11-05,284.4957580566406,294.3900146484375,295.3900146484375,292.0,293.5299987792969,52054200
2020-11-06,284.708251953125,294.6099853515625,295.3599853515625,289.8299865722656,293.7099914550781,40959800
2020-11-09,278.89068603515625,288.5899963378906,299.1400146484375,288.1199951171875,297.6499938964844,86537100
2020-11-10,273.8944091796875,283.4200134277344,286.6600036621094,280.6199951171875,285.1700134277344,69024900
2020-11-11,280.0212707519531,289.760009765625,290.25,283.3800048828125,286.0299987792969,36102900
2020-11-12,278.7070617675781,288.3999938964844,292.07000732421875,287.25,290.760009765625,34414600
2020-11-13,281.1520080566406,290.92999267578125,291.57000732421875,287.8699951171875,290.1700134277344,24806900
2020-11-16,283.3457336425781,293.20001220703125,293.510009765625,289.989990234375,290.6199951171875,30168400
2020-11-17,282.4468688964844,292.2699890136719,293.739990234375,291.6099853515625,293.3999938964844,21843500
2020-11-18,280.3594665527344,290.1099853515625,293.3699951171875,290.0199890136719,291.70001220703125,28069600
2020-11-19,282.5532531738281,292.3800048828125,292.70001220703125,288.8500061035156,289.5400085449219,22718400
2020-11-20,280.6204528808594,290.3800048828125,293.07000732421875,290.2900085449219,292.29998779296875,25907300
2020-11-23,280.6301574707031,290.3900146484375,292.75,288.07000732421875,291.4100036621094,26875600
2020-11-24,284.5729064941406,294.4700012207031,294.9800109863281,289.6300048828125,291.489990234375,24516800
2020-11-25,286.3221130371094,296.2799987792969,296.94000244140625,294.5899963378906,295.57000732421875,23326800
2020-11-27,288.96038818359375,299.010009765625,300.1700134277344,297.8999938964844,298.30999755859375,17163100
2020-11-30,289.5499572753906,299.6199951171875,299.9700012207031,294.7799987792969,299.3399963378906,27836200
2020-12-01,293.2608642578125,303.4599914550781,305.1400146484375,300.8299865722656,301.9700012207031,27521300
2020-12-02,293.6377868652344,303.8500061035156,304.20001220703125,300.3500061035156,302.25,23620000
2020-12-03,294.0533142089844,304.2799987792969,305.8800048828125,303.5299987792969,304.1700134277344,22828700
2020-12-04,295.2516174316406,305.5199890136719,305.6700134277344,303.6300048828125,304.3299865722656,19332100
2020-12-07,296.9234313964844,307.25,307.6300048828125,305.5199890136719,305.7099914550781,20851000
2020-12-08,297.92852783203125,308.2900085449219,308.6000061035156,304.95001220703125,306.760009765625,18341500
2020-12-09,291.1830749511719,301.30999755859375,308.3599853515625,300.2099914550781,308.07000732421875,48839300
2020-12-10,292.3523864746094,302.5199890136719,303.67999267578125,298.0899963378906,299.2099914550781,27519500
2020-12-11,291.7049560546875,301.8500061035156,301.9800109863281,298.4700012207031,300.80999755859375,26760400
2020-12-14,293.82135009765625,304.0400085449219,306.04998779296875,303.010009765625,303.0799865722656,28804800
2020-12-15,296.9621276855469,307.2900085449219,307.2900085449219,304.1099853515625,306.3699951171875,25709000
2020-12-16,298.5953674316406,308.9800109863281,309.7900085449219,306.6199951171875,307.70001220703125,25461900
2020-12-17,300.54742431640625,311.0,311.239990234375,309.3900146484375,310.6300048828125,23730500
2020-12-18,299.6390380859375,310.05999755859375,311.9800109863281,307.6099853515625,311.6600036621094,41173400
2020-12-21,299.0784606933594,308.9200134277344,309.4700012207031,303.6000061035156,306.4599914550781,37095500
2020-12-22,299.8916320800781,309.760009765625,310.7099914550781,306.8500061035156,309.8500061035156,26176300
2020-12-23,298.38140869140625,308.20001220703125,310.17999267578125,308.0400085449219,309.80999755859375,21201300
2020-12-24,299.69805908203125,309.55999755859375,310.0199890136719,308.3900146484375,308.4700012207031,16785000
2020-12-28,302.7186584472656,312.67999267578125,313.1700134277344,310.3599853515625,312.25,22497700
2020-12-29,302.9897155761719,312.9599914550781,314.69000244140625,312.0299987792969,314.04998779296875,25871900
2020-12-30,302.9994201660156,312.9700012207031,314.489990234375,312.3299865722656,314.1600036621094,18138100
2020-12-31,303.7449035644531,313.739990234375,314.239990234375,311.760009765625,312.8699951171875,21611400
2021-01-04,299.4560241699219,309.30999755859375,315.2900085449219,305.17999267578125,315.1099853515625,45305900
2021-01-05,301.9248046875,311.8599853515625,312.1400146484375,308.2900085449219,308.2900085449219,29323400
2021-01-06,297.7424011230469,307.5400085449219,311.8800048828125,305.9800109863281,307.0,52809600
2021-01-07,304.9454345703125,314.9800109863281,315.8399963378906,310.25,310.2799987792969,30394800
2021-01-08,308.86639404296875,319.0299987792969,319.3900146484375,315.0799865722656,317.3399963378906,33955800
2021-01-11,304.4031982421875,314.4200134277344,317.19000244140625,313.75,315.9800109863281,32746400
2021-01-12,303.9191589355469,313.9200134277344,315.5799865722656,311.20001220703125,314.4599914550781,29266800
2021-01-13,305.9715881347656,316.0400085449219,316.8599853515625,313.57000732421875,314.19000244140625,22898400
2021-01-14,304.33544921875,314.3500061035156,317.5299987792969,313.8599853515625,316.5,23500100
2021-01-15,301.9248046875,311.8599853515625,315.1199951171875,310.5799865722656,314.1300048828125,35118700
2021-01-19,306.32989501953125,316.4100036621094,316.92999267578125,313.1199951171875,314.25,24537000
2021-01-20,313.4554138183594,323.7699890136719,324.739990234375,316.510009765625,320.1400146484375,30728100
2021-01-21,315.96295166015625,326.3599853515625,327.1300048828125,323.7300109863281,325.1499938964844,25130600
2021-01-22,315.05279541015625,325.4200134277344,326.4599914550781,324.7099914550781,325.2900085449219,21609400
2021-01-25,317.6571044921875,328.1099853515625,330.32000732421875,321.4100036621094,328.9100036621094,39080600
2021-01-26,318.121826171875,328.5899963378906,329.760009765625,327.2200012207031,328.8500061035156,25498100
2021-01-27,309.253662109375,319.42999267578125,326.2699890136719,317.3599853515625,326.260009765625,55264000
2021-01-28,311.08349609375,321.32000732421875,326.4200134277344,320.0299987792969,320.6700134277344,42836300
2021-01-29,304.5387878417969,314.55999755859375,320.7200012207031,312.760009765625,319.5799865722656,55259000
2021-02-01,312.1483459472656,322.4200134277344,323.5400085449219,316.0199890136719,318.1099853515625,35646000
2021-02-02,317.24078369140625,327.67999267578125,328.8699951171875,325.30999755859375,325.4800109863281,33930800
2021-02-03,315.98223876953125,326.3800048828125,330.20001220703125,326.32000732421875,329.82000732421875,24824500
2021-02-04,319.7192077636719,330.239990234375,330.3299865722656,326.4599914550781,327.82000732421875,22350900
2021-02-05,320.8034973144531,331.3599853515625,332.3999938964844,329.5299987792969,331.2200012207031,22732000
2021-02-08,322.9527893066406,333.5799865722656,333.739990234375,331.4100036621094,333.1000061035156,20462800
2021-02-09,322.8851013183594,333.510009765625,334.80999755859375,332.6099853515625,332.6199951171875,17597500
2021-02-10,322.1492614746094,332.75,335.4599914550781,329.5,334.989990234375,28068700
2021-02-11,323.9208984375,334.5799865722656,335.0,332.1199951171875,334.3299865722656,22046100
2021-02-12,325.7314147949219,336.45001220703125,336.6199951171875,332.6300048828125,333.7099914550781,20346800
2021-02-16,324.8504333496094,335.5400085449219,338.19000244140625,334.3399963378906,337.2699890136719,27080800
2021-02-17,323.29156494140625,333.92999267578125,335.6600036621094,330.1700134277344,332.4700012207031,31360300
2021-02-18,321.8782043457031,332.4700012207031,333.8699951171875,328.3599853515625,330.2300109863281,32236200
2021-02-19,320.474365234375,331.0199890136719,333.989990234375,329.9700012207031,333.8599853515625,39157700
2021-02-22,312.16766357421875,322.44000244140625,327.79998779296875,322.2300109863281,326.5,47256900
2021-02-23,311.2383117675781,321.4800109863281,323.20001220703125,311.0,317.0,97241900
2021-02-24,313.8038024902344,324.1300048828125,324.45001220703125,315.9599914550781,318.739990234375,58206300
2021-02-25,302.8638000488281,312.8299865722656,324.0299987792969,311.239990234375,321.3900146484375,110182600
2021-02-26,304.1322021484375,314.1400146484375,319.1099853515625,310.8800048828125,315.8500061035156,104739800
2021-03-01,313.28106689453125,323.5899963378906,323.94000244140625,317.94000244140625,319.2699890136719,49164500
2021-03-02,308.2564392089844,318.3999938964844,324.3299865722656,318.1400146484375,324.25,48370000
2021-03-03,299.310791015625,309.1600036621094,318.239990234375,309.1000061035156,317.2699890136719,86301100
2021-03-04,294.4120178222656,304.1000061035156,312.0400085449219,300.1099853515625,308.7799987792969,139131600
2021-03-05,298.8460388183594,308.67999267578125,309.6099853515625,297.45001220703125,306.79998779296875,121523700
2021-03-08,290.3845520019531,299.94000244140625,310.05999755859375,299.510009765625,308.1199951171875,88409800
2021-03-09,301.8376770019531,311.7699890136719,313.7300109863281,306.9200134277344,307.4700012207031,80391100
2021-03-10,300.97601318359375,310.8800048828125,316.4700012207031,310.1700134277344,316.1600036621094,76798100
2021-03-11,307.907958984375,318.0400085449219,319.8599853515625,314.8500061035156,315.7699890136719,53484800
2021-03-12,305.4100646972656,315.4599914550781,318.2300109863281,311.3900146484375,313.8599853515625,69315600
2021-03-15,308.67266845703125,318.8299865722656,319.0,314.1000061035156,315.7900085449219,42955700
2021-03-16,310.3669128417969,320.5799865722656,324.20001220703125,319.1000061035156,321.0899963378906,54925900
2021-03-17,311.64495849609375,321.8999938964844,323.8500061035156,315.67999267578125,317.45001220703125,78258700
2021-03-18,302.0989685058594,312.0400085449219,317.8800048828125,311.57000732421875,316.8699951171875,82718100
2021-03-19,303.1640319824219,313.1400146484375,314.7300109863281,309.6600036621094,311.8699951171875,78446200
2021-03-22,308.8493347167969,318.6099853515625,320.739990234375,315.2099914550781,315.2099914550781,56194800
2021-03-23,307.50189208984375,317.2200012207031,321.0899963378906,316.3800048828125,319.7300109863281,53455400
2021-03-24,302.31585693359375,311.8699951171875,318.6700134277344,311.7200012207031,318.6300048828125,64803700
2021-03-25,301.7923583984375,311.3299865722656,312.8900146484375,307.3900146484375,309.9700012207031,78729000
2021-03-26,306.3193054199219,316.0,316.3299865722656,309.6700134277344,311.1099853515625,63519600
2021-03-29,306.23199462890625,315.9100036621094,316.989990234375,312.4700012207031,315.45001220703125,54608000
2021-03-30,304.6907653808594,314.32000732421875,314.9100036621094,311.5400085449219,313.8900146484375,44635700
2021-03-31,309.35333251953125,319.1300048828125,320.739990234375,315.80999755859375,316.1600036621094,55032500
2021-04-01,314.62677001953125,324.57000732421875,324.7099914550781,322.80999755859375,323.07000732421875,55685600
2021-04-05,320.9082946777344,331.04998779296875,331.8399963378906,326.8800048828125,327.1300048828125,42172500
2021-04-06,320.6853332519531,330.82000732421875,332.8299865722656,330.0199890136719,330.7300109863281,33537200
2021-04-07,321.46075439453125,331.6199951171875,332.4800109863281,329.3699951171875,330.3299865722656,32046400
2021-04-08,324.81475830078125,335.0799865722656,335.2699890136719,333.739990234375,334.55999755859375,29940800
2021-04-09,326.7825622558594,337.1099853515625,337.32000732421875,332.9200134277344,333.67999267578125,36664900
2021-04-12,326.3560485839844,336.6700134277344,337.1000061035156,334.7300109863281,336.0400085449219,25833000
2021-04-13,330.1656188964844,340.6000061035156,341.0799865722656,338.0199890136719,338.239990234375,30374000
2021-04-14,326.20098876953125,336.510009765625,340.9800109863281,335.6700134277344,340.8500061035156,42564300
2021-04-15,331.1446838378906,341.6099853515625,342.010009765625,336.2200012207031,339.4700012207031,36342800
2021-04-16,331.5324401855469,342.010009765625,342.2300109863281,340.0799865722656,342.1499938964844,40860100
2021-04-19,328.49835205078125,338.8800048828125,341.5799865722656,336.8999938964844,340.3900146484375,34533100
2021-04-20,326.10406494140625,336.4100036621094,339.5199890136719,334.3800048828125,338.20001220703125,38081800
2021-04-21,328.8958435058594,339.2900085449219,339.4800109863281,333.9700012207031,335.0899963378906,36598100
2021-04-22,324.93109130859375,335.20001220703125,339.8999938964844,334.010009765625,338.8900146484375,45936100
2021-04-23,329.0217590332031,339.4200134277344,340.7699890136719,335.8500061035156,335.8500061035156,36381900
2021-04-26,331.1640930175781,341.6300048828125,341.9200134277344,338.8999938964844,339.6700134277344,30812000
2021-04-27,329.7294921875,340.1499938964844,342.1499938964844,339.1700134277344,341.92999267578125,33187200
2021-04-28,328.6147155761719,339.0,340.8500061035156,338.3299865722656,339.80999755859375,33615700
2021-04-29,329.7973327636719,340.2200012207031,342.79998779296875,336.8999938964844,342.3699951171875,37708900
2021-04-30,327.6356201171875,337.989990234375,340.260009765625,337.04998779296875,337.70001220703125,38263400
2021-05-03,325.8907165527344,336.19000244140625,340.0,335.7300109863281,339.2300109863281,29729700
2021-05-04,320.02618408203125,330.1400146484375,333.8900146484375,326.2099914550781,333.55999755859375,65147000
2021-05-05,318.9500732421875,329.0299987792969,333.1400146484375,328.2300109863281,332.25,46219300
2021-05-06,321.3540954589844,331.510009765625,331.6700134277344,326.45001220703125,328.760009765625,46814300
2021-05-07,323.9617919921875,334.20001220703125,336.6499938964844,331.69000244140625,334.3699951171875,53324500
2021-05-10,315.7802734375,325.760009765625,332.9599914550781,325.54998779296875,332.7799987792969,60700500
2021-05-11,315.3441162109375,325.30999755859375,326.1300048828125,319.0199890136719,319.70001220703125,71963600
2021-05-12,307.18206787109375,316.8900146484375,322.6199951171875,316.0,320.2300109863281,91164900
2021-05-13,309.5569763183594,319.3399963378906,322.3999938964844,316.8999938964844,319.9200134277344,69877800
2021-05-14,316.3910217285156,326.3900146484375,327.3299865722656,322.0799865722656,322.6000061035156,44370000
2021-05-17,314.4717102050781,324.4100036621094,326.3699951171875,321.45001220703125,324.6300048828125,39395000
2021-05-18,312.34881591796875,322.2200012207031,326.6499938964844,321.94000244140625,325.3900146484375,36528500
2021-05-19,312.7074279785156,322.5899963378906,322.8999938964844,316.29998779296875,316.6600036621094,66319100
2021-05-20,318.7562255859375,328.8299865722656,329.7099914550781,323.8900146484375,324.1199951171875,46466100
2021-05-21,316.9920654296875,327.010009765625,330.8599853515625,326.6400146484375,330.42999267578125,50330400
2021-05-24,322.3235168457031,332.510009765625,333.6700134277344,326.8999938964844,329.3699951171875,32475800
2021-05-25,322.7694091796875,332.9700012207031,334.80999755859375,331.760009765625,334.07000732421875,31280300
2021-05-26,323.89385986328125,334.1300048828125,334.6099853515625,332.95001220703125,333.6600036621094,25444900
2021-05-27,322.6822204589844,332.8800048828125,334.5400085449219,332.6700134277344,333.6700134277344,27931700
2021-05-28,323.7000427246094,333.92999267578125,335.57000732421875,333.6000061035156,334.1199951171875,29927400
2021-06-01,322.6240234375,332.82000732421875,335.7900085449219,331.42999267578125,335.29998779296875,31145400
2021-06-02,323.2540588378906,333.4700012207031,334.3399963378906,331.70001220703125,333.25,22047900
2021-06-03,319.8904113769531,330.0,331.8599853515625,328.2799987792969,330.54998779296875,37057800
2021-06-04,325.3187561035156,335.6000061035156,336.05999755859375,331.7799987792969,331.8500061035156,38736500
2021-06-07,326.2882385253906,336.6000061035156,336.6600036621094,334.3399963378906,335.04998779296875,32611900
2021-06-08,326.443359375,336.760009765625,339.2900085449219,335.0299987792969,338.3999938964844,27282800
2021-06-09,326.5207824707031,336.8399963378906,338.9700012207031,336.6499938964844,338.1700134277344,21485300
2021-06-10,329.9233703613281,340.3500061035156,340.4599914550781,336.7300109863281,337.19000244140625,33702100
2021-06-11,330.7860412597656,341.239990234375,341.25,339.69000244140625,340.3599853515625,21222800
2021-06-14,333.9558410644531,344.510009765625,344.5199890136719,340.4599914550781,341.67999267578125,27827700
2021-06-15,331.7747802734375,342.260009765625,344.4700012207031,341.5199890136719,344.1499938964844,35963800
2021-06-16,330.5630798339844,341.010009765625,343.8399963378906,337.45001220703125,342.739990234375,55399500
2021-06-17,334.760498046875,345.3399963378906,346.3800048828125,339.9200134277344,339.9700012207031,59722700
2021-06-18,332.133544921875,342.6300048828125,344.80999755859375,341.8599853515625,343.6300048828125,55414900
2021-06-21,334.1977233886719,344.3599853515625,344.69000244140625,340.1499938964844,342.42999267578125,32992600
2021-06-22,337.3130187988281,347.57000732421875,348.0299987792969,343.8399963378906,344.1499938964844,28941600
2021-06-23,337.4779052734375,347.739990234375,348.9200134277344,346.8800048828125,347.510009765625,27188500
2021-06-24,339.5645446777344,349.8900146484375,351.4599914550781,349.1700134277344,349.7300109863281,32581600
2021-06-25,339.1471862792969,349.4599914550781,350.7200012207031,348.8399963378906,350.4700012207031,28682800
2021-06-28,343.27178955078125,353.7099914550781,353.8500061035156,350.7200012207031,350.7799987792969,39130300
2021-06-29,344.51397705078125,354.989990234375,355.0199890136719,352.6700134277344,353.5299987792969,29426000
2021-06-30,343.97052001953125,354.42999267578125,355.2300109863281,353.8299865722656,354.8299865722656,32724000
2021-07-01,344.1064453125,354.57000732421875,355.0899963378906,352.67999267578125,354.07000732421875,29290000
2021-07-02,348.0562744140625,358.6400146484375,358.9700012207031,356.2799987792969,356.5199890136719,32727200
2021-07-06,349.5605773925781,360.19000244140625,360.4800109863281,356.489990234375,359.260009765625,38842400
2021-07-07,350.298095703125,360.95001220703125,362.760009765625,358.94000244140625,362.45001220703125,35265200
2021-07-08,348.1824035644531,358.7699890136719,359.6499938964844,354.4200134277344,355.739990234375,50890000
2021-07-09,350.35638427734375,361.010009765625,361.5,357.57000732421875,358.1700134277344,35184500
2021-07-12,351.7247619628906,362.4200134277344,362.8900146484375,360.8299865722656,362.45001220703125,25717700
2021-07-13,351.7247619628906,362.4200134277344,365.4700012207031,361.5400085449219,362.0299987792969,39723000
2021-07-14,352.3555603027344,363.07000732421875,365.489990234375,362.2200012207031,364.8299865722656,35336400
2021-07-15,349.8808288574219,360.5199890136719,363.19000244140625,358.4599914550781,362.9800109863281,53391600
2021-07-16,347.04693603515625,357.6000061035156,362.4100036621094,357.239990234375,361.3999938964844,47262000
2021-07-19,344.2034606933594,354.6700134277344,355.17999267578125,352.0400085449219,354.04998779296875,64404600
2021-07-20,348.2017822265625,358.7900085449219,360.2799987792969,353.79998779296875,355.6300048828125,42183700
2021-07-21,350.89019775390625,361.55999755859375,361.55999755859375,358.1199951171875,358.3500061035156,30259900
2021-07-22,353.2095947265625,363.95001220703125,363.9599914550781,361.7699890136719,361.7699890136719,30252200
2021-07-23,357.3341369628906,368.20001220703125,368.489990234375,363.9200134277344,365.30999755859375,31960800
2021-07-26,357.6156005859375,368.489990234375,368.8900146484375,366.6000061035156,367.489990234375,28438100
2021-07-27,353.6753845214844,364.42999267578125,368.2200012207031,360.1600036621094,368.2200012207031,57933100
2021-07-28,355.0340881347656,365.8299865722656,367.45001220703125,363.239990234375,365.6000061035156,42066200
2021-07-29,355.6649169921875,366.4800109863281,367.67999267578125,365.25,365.25,25672500
2021-07-30,353.8112487792969,364.57000732421875,365.1700134277344,362.4100036621094,362.44000244140625,36484600
2021-08-02,353.84039306640625,364.6000061035156,366.8800048828125,363.8699951171875,366.2799987792969,27334100
2021-08-03,355.9851989746094,366.80999755859375,366.92999267578125,362.0,365.2799987792969,35558500
2021-08-04,356.4994812011719,367.3399963378906,368.32000732421875,365.6300048828125,366.7699890136719,29602200
2021-08-05,358.7607421875,369.6700134277344,369.9100036621094,367.45001220703125,368.17999267578125,21443900
2021-08-06,357.1885986328125,368.04998779296875,369.3699951171875,366.9100036621094,368.3699951171875,33332100
2021-08-09,357.8486022949219,368.7300109863281,369.2699890136719,367.3900146484375,368.5199890136719,25960200
2021-08-10,356.0142822265625,366.8399963378906,369.55999755859375,365.6199951171875,369.260009765625,35130800
2021-08-11,355.40283203125,366.2099914550781,368.6499938964844,364.8399963378906,368.1400146484375,34249800
2021-08-12,356.68389892578125,367.5299987792969,367.8999938964844,364.29998779296875,365.69000244140625,25969200
2021-08-13,357.9359436035156,368.82000732421875,369.1600036621094,367.3800048828125,367.8900146484375,19336200
2021-08-16,358.0910949707031,368.9800109863281,369.0199890136719,363.70001220703125,367.6700134277344,34856900
2021-08-17,354.93707275390625,365.7300109863281,367.1499938964844,363.2300109863281,366.1499938964844,44793900
2021-08-18,351.5209655761719,362.2099914550781,366.6199951171875,361.8699951171875,365.17999267578125,38541900
2021-08-19,353.2192687988281,363.9599914550781,365.67999267578125,359.9599914550781,360.2200012207031,48499400
2021-08-20,356.8780517578125,367.7300109863281,368.1400146484375,364.739990234375,365.05999755859375,39486000
2021-08-23,362.2157287597656,373.2300109863281,373.94000244140625,368.7900085449219,368.79998779296875,34034700
2021-08-24,363.32208251953125,374.3699951171875,374.989990234375,373.3599853515625,373.8399963378906,21732900
2021-08-25,363.7393798828125,374.79998779296875,375.3900146484375,373.8599853515625,374.6300048828125,20441900
2021-08-26,361.4297180175781,372.4200134277344,374.6199951171875,371.9700012207031,373.9200134277344,29133300
2021-08-27,364.9427795410156,376.0400085449219,376.55999755859375,372.57000732421875,373.07000732421875,27104700
2021-08-30,369.0382385253906,380.260009765625,380.760009765625,376.8299865722656,376.8500061035156,27295700
2021-08-31,368.73748779296875,379.95001220703125,380.5799865722656,378.3599853515625,380.510009765625,29628200
2021-09-01,369.3488464355469,380.5799865722656,382.7099914550781,380.3699951171875,381.0400085449219,28138300
2021-09-02,369.17413330078125,380.3999938964844,382.30999755859375,379.1499938964844,381.9700012207031,25453400
2021-09-03,370.30963134765625,381.57000732421875,381.9800109863281,379.20001220703125,379.2200012207031,24605400
2021-09-07,370.8336486816406,382.1099853515625,382.7799987792969,380.489990234375,381.67999267578125,23970200
2021-09-08,369.54296875,380.7799987792969,381.92999267578125,378.45001220703125,381.92999267578125,32949200
2021-09-09,368.2716064453125,379.4700012207031,382.1499938964844,379.2200012207031,381.010009765625,29399000
2021-09-10,365.4765625,376.5899963378906,381.9700012207031,376.25,381.2300109863281,40249400
2021-09-13,365.22418212890625,376.3299865722656,379.42999267578125,374.2200012207031,378.989990234375,48741800
2021-09-14,364.185791015625,375.260009765625,378.6099853515625,374.2799987792969,377.8599853515625,41826600
2021-09-15,366.8934631347656,378.04998779296875,378.4100036621094,373.3699951171875,375.7300109863281,34097900
2021-09-16,367.1458435058594,378.30999755859375,378.8999938964844,374.70001220703125,376.67999267578125,35193100
2021-09-17,362.7980041503906,373.8299865722656,377.8699951171875,372.760009765625,377.82000732421875,60912300
2021-09-20,355.3013610839844,365.70001220703125,369.25,360.92999267578125,367.4599914550781,76203200
2021-09-21,355.7386474609375,366.1499938964844,368.80999755859375,364.989990234375,367.5799865722656,41927500
2021-09-22,359.0614013671875,369.57000732421875,371.07000732421875,365.9599914550781,367.0899963378906,46972900
2021-09-23,362.3744201660156,372.9800109863281,374.0400085449219,370.1000061035156,370.760009765625,44652000
2021-09-24,362.71441650390625,373.3299865722656,373.760009765625,370.2699890136719,370.6499938964844,36056800
2021-09-27,359.81915283203125,370.3500061035156,371.25,367.7300109863281,370.20001220703125,43338100
2021-09-28,349.6371765136719,359.8699951171875,370.29998779296875,359.3500061035156,365.6700134277344,97701600
2021-09-29,349.06396484375,359.2799987792969,363.3699951171875,358.6400146484375,361.1700134277344,58076600
2021-09-30,347.7814636230469,357.9599914550781,362.67999267578125,357.1000061035156,360.9700012207031,61384600
2021-10-01,349.9383850097656,360.17999267578125,361.25,354.3800048828125,358.6000061035156,56375500
2021-10-04,342.59332275390625,352.6199951171875,358.8599853515625,350.32000732421875,358.5199890136719,76766000
2021-10-05,347.21795654296875,357.3800048828125,359.69000244140625,353.4800109863281,353.7099914550781,47232900
2021-10-06,349.44287109375,359.6700134277344,359.95001220703125,353.1499938964844,354.0799865722656,56806500
2021-10-07,352.64910888671875,362.9700012207031,365.69000244140625,362.25,362.79998779296875,39411200
2021-10-08,350.8904724121094,361.1600036621094,364.32000732421875,360.6099853515625,364.0799865722656,41822300
2021-10-11,348.1993713378906,358.3900146484375,363.20001220703125,358.29998779296875,359.5799865722656,34847200
2021-10-12,346.9848937988281,357.1400146484375,360.3299865722656,356.4800109863281,359.8800048828125,43905100
2021-10-13,349.7635192871094,360.0,360.69000244140625,357.42999267578125,359.510009765625,40120800
2021-10-14,356.2049865722656,366.6300048828125,366.8500061035156,363.010009765625,363.69000244140625,43433900
2021-10-15,358.44927978515625,368.94000244140625,369.05999755859375,366.82000732421875,367.8800048828125,40419900
2021-10-18,362.0538330078125,372.6499938964844,372.8699951171875,366.989990234375,367.6099853515625,34513500
2021-10-19,364.7935791015625,375.4700012207031,375.5199890136719,372.70001220703125,373.75,29091000
2021-10-20,364.3175354003906,374.9800109863281,376.57000732421875,373.4599914550781,375.94000244140625,31390300
2021-10-21,366.5423889160156,377.2699890136719,377.4700012207031,373.8500061035156,374.1600036621094,25469300
2021-10-22,363.4625244140625,374.1000061035156,376.9700012207031,372.3900146484375,375.9800109863281,36275800
2021-10-25,367.1836853027344,377.92999267578125,378.8699951171875,373.55999755859375,375.55999755859375,32597800
2021-10-26,368.33984375,379.1199951171875,382.7099914550781,377.9100036621094,380.2300109863281,47191300
2021-10-27,369.19482421875,380.0,383.1499938964844,379.30999755859375,379.5799865722656,45760500
2021-10-28,373.29486083984375,384.2200012207031,384.4800109863281,381.1600036621094,381.95001220703125,38007000
2021-10-29,375.1310729980469,386.1099853515625,386.2799987792969,380.70001220703125,381.05999755859375,37310100
2021-11-01,376.4134826660156,387.42999267578125,387.55999755859375,384.4200134277344,386.55999755859375,30765300
2021-11-02,377.9874267578125,389.04998779296875,389.5400085449219,386.75,386.79998779296875,25135300
2021-11-03,382.0,393.17999267578125,393.6099853515625,388.4800109863281,389.54998779296875,33748900
2021-11-04,386.8967590332031,398.2200012207031,399.20001220703125,393.9200134277344,394.4800109863281,40265300
2021-11-05,387.26593017578125,398.6000061035156,400.989990234375,397.1600036621094,400.0400085449219,43383800
2021-11-08,386.7413024902344,398.05999755859375,399.6199951171875,397.3999938964844,398.57000732421875,29256300
2021-11-09,384.0791931152344,395.32000732421875,399.57000732421875,393.9200134277344,399.1600036621094,50490700
2021-11-10,378.43438720703125,389.510009765625,395.3599853515625,387.5299987792969,392.4700012207031,54937400
2021-11-11,379.483642578125,390.5899963378906,392.75,390.239990234375,392.57000732421875,32243000
2021-11-12,383.47686767578125,394.70001220703125,395.25,390.1300048828125,391.7699890136719,34730600
2021-11-15,383.3893127441406,394.6099853515625,396.239990234375,392.1000061035156,395.9100036621094,33716900
2021-11-16,386.1194763183594,397.4200134277344,397.92999267578125,393.6600036621094,393.8599853515625,27872900
2021-11-17,386.32354736328125,397.6300048828125,399.7200012207031,396.6400146484375,397.75,28703300
2021-11-18,390.3262939453125,401.75,402.2699890136719,397.45001220703125,399.7300109863281,45721500
2021-11-19,392.50262451171875,403.989990234375,405.29998779296875,402.5799865722656,403.42999267578125,45191700
2021-11-22,387.9460144042969,399.29998779296875,408.7099914550781,399.19000244140625,405.57000732421875,61715400
2021-11-23,386.1777038574219,397.4800109863281,400.2300109863281,392.9200134277344,398.1099853515625,70098700
2021-11-24,387.4213562011719,398.760009765625,399.04998779296875,392.5400085449219,394.92999267578125,46954400
2021-11-26,380.07635498046875,391.20001220703125,397.5400085449219,389.7699890136719,396.1099853515625,51533300
2021-11-29,388.3249816894531,399.69000244140625,400.7300109863281,395.1400146484375,395.8900146484375,54447100
2021-11-30,382.62188720703125,393.82000732421875,401.19000244140625,391.75,398.7799987792969,81332700
2021-12-01,376.1123046875,387.1199951171875,400.4800109863281,386.6400146484375,398.2799987792969,77766500
2021-12-02,378.82305908203125,389.9100036621094,391.739990234375,384.3399963378906,385.79998779296875,84416600
2021-12-03,372.2358093261719,383.1300048828125,392.3399963378906,378.8999938964844,391.30999755859375,105349100
2021-12-06,375.218505859375,386.20001220703125,387.6000061035156,379.29998779296875,383.6300048828125,67588800
2021-12-07,386.517822265625,397.8299865722656,398.4599914550781,392.989990234375,393.0299987792969,56005300
2021-12-08,388.2472229003906,399.6099853515625,399.82000732421875,396.2200012207031,398.1700134277344,39204000
2021-12-09,382.5343933105469,393.7300109863281,400.20001220703125,393.5299987792969,398.3500061035156,49973700
2021-12-10,386.6927185058594,398.010009765625,398.2799987792969,393.3599853515625,396.6199951171875,52545800
2021-12-13,381.1062316894531,392.260009765625,398.3299865722656,391.8800048828125,398.0,50166400
2021-12-14,377.1616516113281,388.20001220703125,390.0899963378906,383.6300048828125,387.29998779296875,75199200
2021-12-15,385.760009765625,397.04998779296875,397.4200134277344,383.8800048828125,387.94000244140625,73858000
2021-12-16,375.8403015136719,386.8399963378906,398.4800109863281,385.2099914550781,398.0400085449219,82591400
2021-12-17,373.9651184082031,384.9100036621094,389.19000244140625,381.7699890136719,383.3299865722656,80492500
2021-12-20,370.337646484375,380.69000244140625,381.5,377.4700012207031,379.57000732421875,65336800
2021-12-21,378.6258544921875,389.2099914550781,389.5299987792969,380.20001220703125,384.04998779296875,48899500
2021-12-22,383.23699951171875,393.95001220703125,394.1600036621094,388.2300109863281,388.9100036621094,37042200
2021-12-23,386.1261901855469,396.9200134277344,398.42999267578125,394.1400146484375,394.30999755859375,29595500
2021-12-27,392.5079040527344,403.4800109863281,403.4800109863281,398.2200012207031,398.25,32820700
2021-12-28,390.688720703125,401.6099853515625,404.5799865722656,400.7099914550781,404.3999938964844,33113700
2021-12-29,390.63031005859375,401.54998779296875,403.04998779296875,399.1099853515625,401.75,32248500
2021-12-30,389.4630126953125,400.3500061035156,403.57000732421875,399.75,401.3299865722656,23850100
2021-12-31,387.03094482421875,397.8500061035156,401.05999755859375,397.3399963378906,399.6600036621094,34752900
2022-01-03,390.7568054199219,401.67999267578125,401.94000244140625,396.8800048828125,399.04998779296875,40575900
2022-01-04,385.6884765625,396.4700012207031,402.2799987792969,393.2900085449219,402.239990234375,58027200
2022-01-05,373.8397216796875,384.2900085449219,395.8900146484375,384.0299987792969,394.739990234375,75739800
2022-01-06,373.57696533203125,384.0199890136719,387.3500061035156,380.1300048828125,382.4200134277344,70814300
2022-01-07,369.5301513671875,379.8599853515625,385.760009765625,378.0400085449219,384.0299987792969,72652300
2022-01-10,369.77337646484375,380.1099853515625,380.6400146484375,369.30999755859375,374.82000732421875,91770500
2022-01-11,375.328125,385.82000732421875,385.989990234375,377.2200012207031,379.3599853515625,68295700
2022-01-12,376.81646728515625,387.3500061035156,390.20001220703125,385.010009765625,388.4599914550781,54576400
2022-01-13,367.39007568359375,377.6600036621094,389.4700012207031,376.70001220703125,388.7699890136719,77994000
2022-01-14,369.6761474609375,380.010009765625,380.3500061035156,374.8599853515625,375.07000732421875,80121200
2022-01-18,360.4733581542969,370.54998779296875,376.2200012207031,369.7699890136719,374.0400085449219,75450900
2022-01-19,356.5140075683594,366.4800109863281,374.69000244140625,366.2099914550781,372.1499938964844,81791500
2022-01-20,351.8834533691406,361.7200012207031,373.8699951171875,361.1700134277344,369.7900085449219,88610700
2022-01-21,342.1261901855469,351.69000244140625,362.17999267578125,351.3999938964844,359.4700012207031,143388900
2022-01-24,343.69244384765625,353.29998779296875,353.9800109863281,334.1499938964844,345.9100036621094,198685800
2022-01-25,335.72515869140625,345.1099853515625,351.0299987792969,341.67999267578125,346.6700134277344,124398400
2022-01-26,335.19989013671875,344.57000732421875,356.8800048828125,340.7799987792969,352.9100036621094,146559500
2022-01-27,331.8241882324219,341.1000061035156,351.2699890136719,340.04998779296875,349.3999938964844,95255700
2022-01-28,342.2332458496094,351.79998779296875,352.0199890136719,337.95001220703125,343.0299987792969,108167900
2022-01-31,353.1773376464844,363.04998779296875,363.6499938964844,351.5199890136719,353.20001220703125,94326400
2022-02-01,355.5800476074219,365.5199890136719,366.19000244140625,359.1400146484375,364.42999267578125,74433000
2022-02-02,358.4693298339844,368.489990234375,370.1000061035156,364.2900085449219,369.760009765625,78777100
2022-02-03,343.9356384277344,353.54998779296875,361.92999267578125,352.4599914550781,358.5299987792969,95384800
2022-02-04,348.2743835449219,358.010009765625,361.3999938964844,351.9700012207031,354.0799865722656,86318300
2022-02-07,345.47265625,355.1300048828125,361.04998779296875,353.8399963378906,358.6199951171875,58198100
2022-02-08,349.3541564941406,359.1199951171875,360.239990234375,352.79998779296875,353.9599914550781,64720900
2022-02-09,356.7572021484375,366.7300109863281,366.80999755859375,362.1199951171875,363.760009765625,55766400
2022-02-10,348.6828918457031,358.42999267578125,366.489990234375,356.5400085449219,359.5199890136719,112468500
2022-02-11,337.6221008300781,347.05999755859375,360.07000732421875,345.79998779296875,358.42999267578125,101569100
2022-02-14,338.0404052734375,347.489990234375,350.9800109863281,343.8900146484375,346.489990234375,80254400
2022-02-15,346.4455261230469,356.1300048828125,356.3699951171875,351.82000732421875,352.9100036621094,55128800
2022-02-16,346.35791015625,356.0400085449219,357.0899963378906,350.7099914550781,353.82000732421875,58947100
2022-02-17,336.055908203125,345.45001220703125,353.4599914550781,345.0199890136719,352.739990234375,61801400
2022-02-18,332.2230224609375,341.510009765625,346.80999755859375,339.1400146484375,346.4100036621094,80001500
2022-02-22,328.8862609863281,338.0799865722656,344.0400085449219,334.3500061035156,338.489990234375,85967100
2022-02-23,320.4618225097656,329.4200134277344,342.17999267578125,329.1000061035156,341.32000732421875,86215400
2022-02-24,331.23077392578125,340.489990234375,341.0400085449219,318.260009765625,318.8399963378906,130614100
2022-02-25,336.36712646484375,345.7699890136719,345.9800109863281,337.3900146484375,341.30999755859375,78842100
2022-02-28,337.3692321777344,346.79998779296875,348.5400085449219,341.32000732421875,342.510009765625,77515500
2022-03-01,332.2035217285156,341.489990234375,348.0799865722656,338.8999938964844,345.75,67407000
2022-03-02,337.77777099609375,347.2200012207031,348.5899963378906,340.239990234375,343.0799865722656,70609000
2022-03-03,332.95269775390625,342.260009765625,350.0400085449219,340.3500061035156,349.92999267578125,71089400
2022-03-04,328.12750244140625,337.29998779296875,341.30999755859375,334.9200134277344,339.8399963378906,76936300
2022-03-07,316.0257873535156,324.8599853515625,338.4800109863281,324.6499938964844,337.2900085449219,89933800
2022-03-08,314.5569152832031,323.3500061035156,333.2099914550781,319.94000244140625,324.04998779296875,116153900
2022-03-09,325.8803405761719,334.989990234375,336.3800048828125,329.0899963378906,331.75,64723400
2022-03-10,322.2615051269531,331.2699890136719,332.510009765625,326.7099914550781,330.82000732421875,69362700
2022-03-11,315.57830810546875,324.3999938964844,334.6400146484375,323.8999938964844,334.32000732421875,66228400
2022-03-14,309.5177917480469,318.1700134277344,326.5899963378906,317.45001220703125,323.1300048828125,79802600
2022-03-15,319.2263488769531,328.1499938964844,328.95001220703125,319.2300109863281,320.8800048828125,76471000
2022-03-16,331.0654296875,340.32000732421875,340.44000244140625,328.3999938964844,332.1700134277344,105243000
2022-03-17,335.0733947753906,344.44000244140625,344.5,337.0400085449219,338.3699951171875,67810000
2022-03-18,341.9316711425781,351.489990234375,351.7900085449219,341.54998779296875,342.739990234375,85446300
2022-03-21,340.98101806640625,350.0799865722656,352.4800109863281,345.5799865722656,350.20001220703125,73799100
2022-03-22,347.6821594238281,356.9599914550781,357.8500061035156,350.20001220703125,350.5899963378906,63345900
2022-03-23,342.6855163574219,351.8299865722656,357.6600036621094,351.7699890136719,354.010009765625,70615500
2022-03-24,350.30230712890625,359.6499938964844,359.70001220703125,351.5899963378906,353.79998779296875,53555300
2022-03-25,350.0101013183594,359.3500061035156,360.6700134277344,354.94000244140625,359.5899963378906,57584200
2022-03-28,355.4255676269531,364.9100036621094,365.010009765625,358.07000732421875,359.3399963378906,56833900
2022-03-29,361.5423583984375,371.19000244140625,371.8299865722656,366.05999755859375,368.8999938964844,68073000
2022-03-30,357.54888916015625,367.0899963378906,370.9800109863281,365.57000732421875,369.2799987792969,68757700
2022-03-31,353.1171875,362.5400085449219,367.6000061035156,361.67999267578125,367.239990234375,67011400
2022-04-01,352.44512939453125,361.8500061035156,363.6099853515625,358.5899963378906,362.80999755859375,54527800
2022-04-04,359.7015380859375,369.29998779296875,369.30999755859375,362.44000244140625,362.7099914550781,45950200
2022-04-05,351.714599609375,361.1000061035156,368.5400085449219,359.92999267578125,367.80999755859375,62738700
2022-04-06,344.078369140625,353.260009765625,356.7799987792969,350.55999755859375,355.6499938964844,90077100
2022-04-07,344.896484375,354.1000061035156,356.3500061035156,348.69000244140625,352.239990234375,63777400
2022-04-08,340.07513427734375,349.1499938964844,353.0899963378906,348.5,352.32000732421875,61956100
2022-04-11,332.02984619140625,340.8900146484375,345.75,340.5400085449219,344.80999755859375,66107400
2022-04-12,330.6273498535156,339.45001220703125,347.69000244140625,338.0400085449219,345.760009765625,72790200
2022-04-13,337.3480224609375,346.3500061035156,347.42999267578125,339.05999755859375,339.79998779296875,61367800
2022-04-14,329.6337890625,338.42999267578125,346.9700012207031,338.2099914550781,346.44000244140625,73519400
2022-04-18,329.8870849609375,338.69000244140625,341.0400085449219,335.7900085449219,337.3500061035156,58560600
2022-04-19,337.2602844238281,346.260009765625,346.8500061035156,336.9800109863281,338.0299987792969,56515700
2022-04-20,332.341552734375,341.2099914550781,347.55999755859375,339.9599914550781,347.0899963378906,65500000
2022-04-21,325.4651184082031,334.1499938964844,347.8699951171875,333.20001220703125,345.19000244140625,75801000
2022-04-22,316.9425048828125,325.3999938964844,335.55999755859375,324.9599914550781,334.30999755859375,82562100
2022-04-25,321.0138244628906,329.5799865722656,329.8999938964844,322.42999267578125,323.7300109863281,101755900
2022-04-26,308.8971252441406,317.1400146484375,327.6600036621094,316.8599853515625,327.4700012207031,105819600
2022-04-27,308.5270690917969,316.760009765625,322.8800048828125,315.0,317.239990234375,111204200
2022-04-28,319.4846496582031,328.010009765625,329.8900146484375,317.5199890136719,321.8500061035156,99450000
2022-04-29,305.1082763671875,313.25,327.2300109863281,312.6000061035156,323.70001220703125,91977900
2022-05-02,310.2023620605469,318.4800109863281,318.7200012207031,309.6499938964844,312.8299865722656,115511800
2022-05-03,310.53350830078125,318.82000732421875,321.1700134277344,315.9800109863281,318.5,78185500
2022-05-04,321.0333251953125,329.6000061035156,330.2900085449219,313.8900146484375,319.30999755859375,116083400
2022-05-05,304.8647766113281,313.0,325.25,309.6199951171875,325.1700134277344,154607400
2022-05-06,301.2122497558594,309.25,315.0899963378906,305.1099853515625,310.95001220703125,139572800
2022-05-09,289.4267883300781,297.1499938964844,309.3500061035156,295.7200012207031,303.4800109863281,113387300
2022-05-10,292.9429016113281,300.760009765625,305.760009765625,296.57000732421875,304.510009765625,124124600
2022-05-11,284.25469970703125,291.8399963378906,304.0899963378906,290.95001220703125,298.44000244140625,140326100
2022-05-12,283.5826416015625,291.1499938964844,295.75,284.94000244140625,287.45001220703125,120910900
2022-05-13,294.0922546386719,301.94000244140625,303.0,294.0799865722656,295.7200012207031,83684900
2022-05-16,290.6832275390625,298.44000244140625,302.260009765625,297.1300048828125,300.1499938964844,59190400
2022-05-17,298.2123718261719,306.1700134277344,306.55999755859375,300.54998779296875,304.45001220703125,62715300
2022-05-18,283.57293701171875,291.1400146484375,302.25,289.8500061035156,301.5400085449219,79477100
2022-05-19,282.05352783203125,289.5799865722656,294.3900146484375,287.5799865722656,289.2900085449219,79920700
2022-05-20,281.17681884765625,288.67999267578125,293.79998779296875,280.2099914550781,293.1300048828125,91764200
2022-05-23,285.8521423339844,293.4800109863281,293.8699951171875,287.2900085449219,289.75,63648400
2022-05-24,279.7742614746094,287.239990234375,288.8599853515625,282.25,288.1300048828125,73491100
2022-05-25,283.68975830078125,291.260009765625,293.3900146484375,285.5,285.7099914550781,67144500
2022-05-26,291.5500793457031,299.3299865722656,300.9200134277344,290.1499938964844,290.44000244140625,59462200
2022-05-27,301.0661315917969,309.1000061035156,309.25,302.4200134277344,302.5400085449219,66985600
2022-05-31,300.26739501953125,308.2799987792969,311.3299865722656,304.3299865722656,309.07000732421875,60968300
2022-06-01,298.0467224121094,306.0,312.6499938964844,303.7300109863281,310.4700012207031,65341700
2022-06-02,306.2089538574219,314.3800048828125,314.55999755859375,303.3999938964844,304.8500061035156,59291300
2022-06-03,298.24151611328125,306.20001220703125,310.4700012207031,304.9200134277344,309.0299987792969,60914700
2022-06-06,299.2350158691406,307.2200012207031,312.3500061035156,305.6199951171875,310.75,51785000
2022-06-07,301.816162109375,309.8699951171875,310.6700134277344,302.69000244140625,303.80999755859375,44900300
2022-06-08,299.64410400390625,307.6400146484375,311.7200012207031,306.7699890136719,309.04998779296875,38342100
2022-06-09,291.6182861328125,299.3999938964844,309.04998779296875,299.2300109863281,305.9100036621094,55900500
2022-06-10,281.33270263671875,288.8399963378906,294.8699951171875,288.3800048828125,293.6499938964844,85963500
2022-06-13,268.2517395019531,275.4100036621094,282.3399963378906,274.5299987792969,279.75,94442000
2022-06-14,268.73876953125,275.9100036621094,278.6600036621094,273.3399963378906,277.6600036621094,64697500
2022-06-15,275.44976806640625,282.79998779296875,286.8299865722656,276.6099853515625,279.4200134277344,86051400
2022-06-16,264.3363037109375,271.3900146484375,276.05999755859375,269.2799987792969,275.5899963378906,81910300
2022-06-17,267.5505065917969,274.69000244140625,277.19000244140625,270.510009765625,272.17999267578125,82703400
2022-06-21,274.30059814453125,281.0799865722656,283.45001220703125,278.6400146484375,278.75,51633700
2022-06-22,273.9006042480469,280.6700134277344,285.17999267578125,277.9100036621094,278.5199890136719,67472900
2022-06-23,277.9797668457031,284.8500061035156,285.7200012207031,280.30999755859375,283.2099914550781,57457800
2022-06-24,287.5043029785156,294.6099853515625,295.0400085449219,287.5,287.739990234375,58422300
2022-06-27,285.396484375,292.45001220703125,296.5799865722656,291.2900085449219,296.0,54151500
2022-06-28,276.70135498046875,283.5400085449219,295.6499938964844,283.3500061035156,293.0,61609800
2022-06-29,276.95501708984375,283.79998779296875,285.3399963378906,280.8399963378906,283.3999938964844,57302700
2022-06-30,273.51995849609375,280.2799987792969,283.94000244140625,275.7799987792969,280.75,79313600
2022-07-01,275.3253479003906,282.1300048828125,282.5299987792969,277.0299987792969,278.95001220703125,56675100
2022-07-05,280.038818359375,286.9599914550781,287.0799865722656,276.75,278.30999755859375,61829300
2022-07-06,281.8345031738281,288.79998779296875,290.95001220703125,285.5899963378906,287.3500061035156,63194700
2022-07-07,287.8654479980469,294.9800109863281,295.70001220703125,289.6300048828125,289.6300048828125,56620100
2022-07-08,288.22650146484375,295.3500061035156,296.75,291.1199951171875,292.0799865722656,59895500
2022-07-11,282.06866455078125,289.0400085449219,293.1099853515625,288.1400146484375,292.8800048828125,55273900
2022-07-12,279.336181640625,286.239990234375,292.2799987792969,284.6099853515625,290.32000732421875,55797100
2022-07-13,278.7604064941406,285.6499938964844,288.04998779296875,280.0199890136719,280.6000061035156,73939400
2022-07-14,279.75592041015625,286.6700134277344,287.55999755859375,279.79998779296875,282.989990234375,63741800
2022-07-15,284.8304443359375,291.8699951171875,291.9800109863281,288.0799865722656,289.7300109863281,63818100
2022-07-18,282.4199523925781,289.3999938964844,296.1600036621094,288.20001220703125,294.7200012207031,59519600
2022-07-19,291.1054382324219,298.29998779296875,298.6000061035156,291.4700012207031,293.1099853515625,55172600
2022-07-20,295.72119140625,303.0299987792969,304.239990234375,297.92999267578125,298.7300109863281,67769400
2022-07-21,299.9663391113281,307.3800048828125,307.44000244140625,300.7799987792969,303.5,55049400
2022-07-22,294.7063903808594,301.989990234375,308.54998779296875,300.1199951171875,306.42999267578125,57127700
2022-07-25,293.02789306640625,300.2699890136719,302.5,298.2200012207031,302.0199890136719,40582400
2022-07-26,287.2701416015625,294.3699951171875,298.7900085449219,293.5400085449219,298.5299987792969,50074100
2022-07-27,299.4101257324219,306.80999755859375,308.5400085449219,298.4599914550781,299.0400085449219,69304400
2022-07-28,302.3377685546875,309.80999755859375,310.3999938964844,302.75,306.5899963378906,55139900
2022-07-29,307.8514404296875,315.4599914550781,316.3900146484375,309.92999267578125,311.3900146484375,57501000
2022-08-01,307.666015625,315.2699890136719,318.80999755859375,312.5299987792969,313.6499938964844,46358800
2022-08-02,306.7486877441406,314.3299865722656,318.54998779296875,311.8399963378906,312.9200134277344,48676500
2022-08-03,315.102294921875,322.8900146484375,323.7300109863281,315.989990234375,316.04998779296875,53735700
2022-08-04,316.5758361816406,324.3999938964844,324.7200012207031,320.7699890136719,322.9700012207031,38973700
2022-08-05,313.98974609375,321.75,323.8299865722656,318.3900146484375,319.19000244140625,53894000
2022-08-08,312.9747619628906,320.7099914550781,326.4700012207031,319.2099914550781,322.69000244140625,43878500
2022-08-09,309.4323425292969,317.0799865722656,319.0299987792969,315.4200134277344,318.7699890136719,39764200
2022-08-10,318.0689697265625,325.92999267578125,326.2300109863281,322.05999755859375,324.5899963378906,51459600
2022-08-11,316.2635192871094,324.0799865722656,330.3599853515625,323.3599853515625,328.30999755859375,45897700
2022-08-12,322.4214172363281,330.3900146484375,330.5899963378906,325.1000061035156,326.17999267578125,40928400
2022-08-15,325.0269775390625,333.05999755859375,333.57000732421875,329.3999938964844,329.4200134277344,38266600
2022-08-16,324.2658386230469,332.2799987792969,334.4200134277344,329.1600036621094,332.05999755859375,41186900
2022-08-17,320.5672607421875,328.489990234375,331.42999267578125,326.3599853515625,329.07000732421875,47842200
2022-08-18,321.33807373046875,329.2799987792969,330.489990234375,326.7900085449219,328.44000244140625,41937200
2022-08-19,315.072998046875,322.8599853515625,326.8399963378906,322.0799865722656,326.1700134277344,51770600
2022-08-22,306.77801513671875,314.3599853515625,318.739990234375,313.5299987792969,318.5,51098900
2022-08-23,306.52435302734375,314.1000061035156,317.0,313.3299865722656,314.1199951171875,39497100
2022-08-24,307.41229248046875,315.010009765625,316.8699951171875,312.989990234375,313.6099853515625,38057100
2022-08-25,312.84796142578125,320.5799865722656,320.6000061035156,315.760009765625,316.8299865722656,38098300
2022-08-26,300.02490234375,307.44000244140625,321.510009765625,307.3500061035156,320.2799987792969,69047700
2022-08-29,297.0679626464844,304.4100036621094,307.2200012207031,303.2799987792969,304.6199951171875,48321900
2022-08-30,293.759765625,301.0199890136719,306.7300109863281,298.44000244140625,306.1000061035156,51184500
2022-08-31,292.052001953125,299.2699890136719,304.9100036621094,299.1600036621094,303.989990234375,50044000
2022-09-01,292.1788024902344,299.3999938964844,299.7799987792969,292.95001220703125,296.7200012207031,57990700
2022-09-02,288.0508728027344,295.1700134277344,303.75,293.5199890136719,302.3399963378906,64666800
2022-09-06,285.9819641113281,293.04998779296875,296.6000061035156,290.8699951171875,295.6600036621094,57005400
2022-09-07,291.7591857910156,298.9700012207031,299.989990234375,293.2699890136719,293.5400085449219,49260400
2022-09-08,293.2717590332031,300.5199890136719,301.8699951171875,295.45001220703125,296.8500061035156,55649800
2022-09-09,299.683349609375,307.0899963378906,307.6000061035156,300.5199890136719,302.8299865722656,56125200
2022-09-12,303.2452697753906,310.739990234375,311.0799865722656,308.17999267578125,308.5,45905700
2022-09-13,286.6163024902344,293.70001220703125,303.0199890136719,292.7900085449219,301.79998779296875,79562200
2022-09-14,288.89007568359375,296.0299987792969,296.92999267578125,293.05999755859375,294.8699951171875,54907200
2022-09-15,284.07904052734375,291.1000061035156,296.5299987792969,289.4599914550781,294.07000732421875,65299400
2022-09-16,282.3419494628906,289.32000732421875,289.7200012207031,285.6199951171875,287.7200012207031,79920400
2022-09-19,284.5406188964844,291.04998779296875,291.2099914550781,286.0400085449219,286.1000061035156,52613800
2022-09-20,282.2724914550781,288.7300109863281,291.07000732421875,286.3800048828125,288.489990234375,51271100
2022-09-21,277.2181091308594,283.55999755859375,293.95001220703125,283.4200134277344,289.5899963378906,82931000
2022-09-22,273.8062438964844,280.07000732421875,283.0299987792969,278.82000732421875,282.0,62757100
2022-09-23,269.3481750488281,275.510009765625,277.8500061035156,272.0199890136719,277.54998779296875,74815200
2022-09-26,268.23370361328125,274.3699951171875,279.489990234375,273.55999755859375,275.0299987792969,71176700
2022-09-27,268.3412170410156,274.4800109863281,280.2099914550781,272.1099853515625,277.80999755859375,69780100
2022-09-28,273.6791687011719,279.94000244140625,281.25,272.95001220703125,274.4599914550781,79652100
2022-09-29,265.7895812988281,271.8699951171875,276.25,268.8399963378906,275.8599853515625,81216000
2022-09-30,261.2827453613281,267.260009765625,275.19000244140625,267.1000061035156,271.0299987792969,78482400
2022-10-03,267.4124450683594,273.5299987792969,275.1600036621094,267.5299987792969,269.07000732421875,61267400
2022-10-04,275.82012939453125,282.1300048828125,282.8500061035156,278.989990234375,278.989990234375,66696900
2022-10-05,275.6734313964844,281.9800109863281,283.80999755859375,275.4200134277344,278.2799987792969,55766300
2022-10-06,273.5031433105469,279.760009765625,284.17999267578125,279.42999267578125,280.9599914550781,53489400
2022-10-07,263.08160400390625,269.1000061035156,275.1499938964844,267.739990234375,275.0199890136719,71354700
2022-10-10,260.4516906738281,266.4100036621094,269.70001220703125,263.6400146484375,269.29998779296875,60393000
2022-10-11,256.87359619140625,262.75,267.6300048828125,261.0299987792969,264.70001220703125,66522500
2022-10-12,256.7856140136719,262.6600036621094,265.3599853515625,261.95001220703125,263.3999938964844,50580200
2022-10-13,262.8077697753906,268.82000732421875,270.1700134277344,254.25999450683594,255.16000366210938,112894100
2022-10-14,254.9085235595703,260.739990234375,271.80999755859375,260.1400146484375,271.20001220703125,77244300
2022-10-17,263.325927734375,269.3500061035156,270.239990234375,266.739990234375,266.8399963378906,64576500
2022-10-18,265.40838623046875,271.4800109863281,277.2099914550781,268.739990234375,276.5299987792969,69781000
2022-10-19,264.4404296875,270.489990234375,273.67999267578125,268.07000732421875,269.92999267578125,53115400
2022-10-20,263.09130859375,269.1099853515625,274.8399963378906,267.9200134277344,269.5799865722656,60605500
2022-10-21,269.26019287109375,275.4200134277344,275.9700012207031,266.82000732421875,267.9800109863281,77897700
2022-10-24,272.222412109375,278.45001220703125,279.3999938964844,271.9700012207031,275.69000244140625,63963600
2022-10-25,277.85357666015625,284.2099914550781,284.6000061035156,277.8999938964844,279.4100036621094,59014500
2022-10-26,271.71405029296875,277.92999267578125,283.9800109863281,277.42999267578125,278.4599914550781,63492400
2022-10-27,266.7672119140625,272.8699951171875,278.2799987792969,272.3399963378906,276.7900085449219,57760300
2022-10-28,274.9304504394531,281.2200012207031,281.70001220703125,272.05999755859375,272.2300109863281,62651300
2022-10-31,271.7336730957031,277.95001220703125,279.760009765625,275.989990234375,278.9200134277344,47742000
2022-11-01,268.95709228515625,275.1099853515625,282.07000732421875,274.739990234375,281.5,45895900
2022-11-02,259.7380065917969,265.67999267578125,278.2099914550781,265.6099853515625,275.0799865722656,79803100
2022-11-03,254.66409301757812,260.489990234375,264.5,260.1000061035156,263.010009765625,70038900
2022-11-04,258.7603454589844,264.67999267578125,266.6099853515625,259.0799865722656,265.5299987792969,78313200
2022-11-07,261.6053161621094,267.5899963378906,268.1400146484375,263.57000732421875,265.75,47333800
2022-11-08,263.51165771484375,269.5400085449219,272.8500061035156,265.5199890136719,269.1400146484375,63213800
2022-11-09,257.43084716796875,263.32000732421875,268.55999755859375,263.0299987792969,267.760009765625,64862100
2022-11-10,276.4262390136719,282.75,283.04998779296875,273.8500061035156,276.010009765625,99256700
2022-11-11,281.5197448730469,287.9599914550781,288.6400146484375,281.19000244140625,282.55999755859375,66961800
2022-11-14,279.05615234375,285.44000244140625,289.2099914550781,284.44000244140625,285.8599853515625,55290700
2022-11-15,282.91778564453125,289.3900146484375,293.260009765625,285.9700012207031,292.2099914550781,73985400
2022-11-16,279.05615234375,285.44000244140625,289.4800109863281,284.6000061035156,287.3900146484375,48859800
2022-11-17,278.440185546875,284.80999755859375,286.32000732421875,280.7200012207031,280.8800048828125,55462100
2022-11-18,278.4499206542969,284.82000732421875,287.989990234375,282.32000732421875,287.8900146484375,53588600
2022-11-21,275.58551025390625,281.8900146484375,284.5799865722656,281.0400085449219,283.3999938964844,40083500
2022-11-22,279.5547180175781,285.95001220703125,286.1099853515625,280.4599914550781,282.6400146484375,41873400
2022-11-23,282.36053466796875,288.82000732421875,289.4599914550781,285.7900085449219,285.9700012207031,46390000
2022-11-25,280.5030822753906,286.9200134277344,287.9100036621094,286.4200134277344,287.19000244140625,15498800
2022-11-28,276.38720703125,282.7099914550781,286.9599914550781,281.760009765625,284.8999938964844,38714200
2022-11-29,274.2950439453125,280.57000732421875,283.3500061035156,279.1700134277344,282.94000244140625,35618900
2022-11-30,286.7989501953125,293.3599853515625,293.4700012207031,279.9700012207031,280.8399963378906,74718100
2022-12-01,287.1509094238281,293.7200012207031,295.75,290.8800048828125,293.69000244140625,51547300
2022-12-02,286.0070495605469,292.54998779296875,293.45001220703125,288.3599853515625,288.5400085449219,53583200
2022-12-05,281.2069396972656,287.6400146484375,291.67999267578125,286.1499938964844,290.3800048828125,41482100
2022-12-06,275.3801574707031,281.67999267578125,287.6199951171875,280.260009765625,287.4800109863281,53937600
2022-12-07,274.2559509277344,280.5299987792969,282.57000732421875,278.7799987792969,280.4700012207031,45614300
2022-12-08,277.5016784667969,283.8500061035156,284.8399963378906,279.7900085449219,281.9100036621094,42594900
2022-12-09,275.73211669921875,282.0400085449219,285.6400146484375,281.5899963378906,282.80999755859375,47860500
2022-12-12,279.1929931640625,285.5799865722656,285.6400146484375,281.1600036621094,282.2200012207031,35732500
2022-12-13,282.1943664550781,288.6499938964844,296.8800048828125,285.9100036621094,296.6499938964844,80667700
2022-12-14,280.1022033691406,286.510009765625,291.4100036621094,283.19000244140625,288.04998779296875,64984400
2022-12-15,270.69732666015625,276.8900146484375,283.010009765625,275.6700134277344,282.3299865722656,60554100
2022-12-16,268.1163635253906,274.25,277.7699890136719,272.6099853515625,276.20001220703125,68300400
2022-12-19,264.3483581542969,269.75,273.9599914550781,268.489990234375,273.8699951171875,44167900
2022-12-20,264.142578125,269.5400085449219,271.32000732421875,266.95001220703125,268.55999755859375,51064200
2022-12-21,267.97430419921875,273.45001220703125,274.7799987792969,269.739990234375,270.6000061035156,46394700
2022-12-22,261.418212890625,266.760009765625,270.510009765625,262.4599914550781,270.3800048828125,60278400
2022-12-23,262.0061950683594,267.3599853515625,268.0400085449219,263.5299987792969,265.4700012207031,39373600
2022-12-27,258.30194091796875,263.5799865722656,266.8500061035156,263.0299987792969,266.739990234375,38009000
2022-12-28,254.89161682128906,260.1000061035156,265.4700012207031,259.7300109863281,263.1700134277344,47139000
2022-12-29,261.10467529296875,266.44000244140625,267.3999938964844,262.25,262.9599914550781,45893600
2022-12-30,260.9478454589844,266.2799987792969,266.4100036621094,262.2900085449219,263.6199951171875,37858300
2023-01-03,259.1838684082031,264.4800109863281,270.1499938964844,262.1300048828125,268.6499938964844,42335300
2023-01-04,260.4186706542969,265.739990234375,267.45001220703125,262.5299987792969,266.6400146484375,47754900
2023-01-05,256.3419189453125,261.5799865722656,264.2099914550781,261.260009765625,264.0400085449219,45396700
2023-01-06,263.4173583984375,268.79998779296875,269.94000244140625,260.3399963378906,263.3500061035156,54659700
2023-01-09,265.12255859375,270.5400085449219,275.2900085449219,269.9200134277344,270.8299865722656,45568700
2023-01-10,267.36663818359375,272.8299865722656,272.94000244140625,268.9700012207031,269.489990234375,35247800
2023-01-11,271.9921569824219,277.54998779296875,277.6600036621094,273.1199951171875,273.9200134277344,44077000
2023-01-12,273.4620666503906,279.04998779296875,280.1000061035156,273.739990234375,278.1199951171875,60600000
2023-01-13,275.3436279296875,280.9700012207031,281.2200012207031,276.1600036621094,276.5,44802900
2023-01-17,275.90228271484375,281.5400085449219,282.8500061035156,279.5799865722656,280.7699890136719,36269700
2023-01-18,272.3155822753906,277.8800048828125,284.69000244140625,277.6700134277344,283.1099853515625,47754500
2023-01-19,269.6402282714844,275.1499938964844,277.3800048828125,273.8900146484375,276.2200012207031,44150400
2023-01-20,277.0193786621094,282.67999267578125,283.0199890136719,275.7099914550781,276.7900085449219,60613600
2023-01-23,283.17364501953125,288.9599914550781,290.2099914550781,282.7300109863281,283.5400085449219,52799900
2023-01-24,282.59552001953125,288.3699951171875,289.54998779296875,286.7799987792969,287.30999755859375,44875100
2023-01-25,281.96832275390625,287.7300109863281,288.3599853515625,281.17999267578125,283.7699890136719,50872000
2023-01-26,287.4659729003906,293.3399963378906,293.5199890136719,288.5199890136719,291.2200012207031,51596300
2023-01-27,290.3275146484375,296.260009765625,298.260009765625,291.8800048828125,292.0,56441900
2023-01-30,284.45745849609375,290.2699890136719,294.3800048828125,289.8900146484375,292.92999267578125,49405800
2023-01-31,288.7203369140625,294.6199951171875,294.7200012207031,290.20001220703125,290.30999755859375,46705100
2023-02-01,294.8942565917969,300.9200134277344,303.42999267578125,292.29998779296875,294.4100036621094,67562200
2023-02-02,305.4779357910156,311.7200012207031,313.67999267578125,306.7300109863281,307.57000732421875,83070600
2023-02-03,300.04888916015625,306.17999267578125,312.3900146484375,304.5400085449219,304.94000244140625,76170800
2023-02-06,297.51068115234375,303.5899963378906,305.9100036621094,302.2200012207031,303.510009765625,40802300
2023-02-07,303.67474365234375,309.8800048828125,311.0299987792969,302.32000732421875,303.4599914550781,67584000
2023-02-08,298.2751159667969,304.3699951171875,309.5,303.6700134277344,308.5400085449219,56720900
2023-02-09,295.63897705078125,301.67999267578125,308.989990234375,300.20001220703125,308.8399963378906,49137800
2023-02-10,293.6986389160156,299.70001220703125,301.57000732421875,297.25,299.4800109863281,50050100
2023-02-13,298.40252685546875,304.5,305.1000061035156,299.92999267578125,301.1300048828125,39636700
2023-02-14,300.607421875,306.75,307.7200012207031,300.9100036621094,302.8900146484375,64079100
2023-02-15,302.910400390625,309.1000061035156,309.2699890136719,304.20001220703125,304.8999938964844,43100600
2023-02-16,297.22650146484375,303.29998779296875,308.42999267578125,303.1499938964844,304.3800048828125,59498600
2023-02-17,295.1294250488281,301.1600036621094,301.92999267578125,298.1000061035156,301.07000732421875,58230700
2023-02-21,288.1422119140625,294.0299987792969,298.7300109863281,293.8900146484375,297.260009765625,46526700
2023-02-22,288.3577880859375,294.25,296.3599853515625,292.55999755859375,294.6199951171875,51389200
2023-02-23,290.8763122558594,296.82000732421875,298.1300048828125,292.54998779296875,297.9700012207031,69294400
2023-02-24,286.0057678222656,291.8500061035156,292.9700012207031,290.04998779296875,291.760009765625,74332000
2023-02-27,288.0539855957031,293.94000244140625,296.489990234375,293.3399963378906,295.07000732421875,48995000
2023-02-28,287.6815490722656,293.55999755859375,296.1199951171875,292.9599914550781,293.29998779296875,48243100
2023-03-01,285.3687744140625,291.20001220703125,293.92999267578125,290.20001220703125,293.260009765625,58287000
2023-03-02,287.7305908203125,293.6099853515625,294.42999267578125,288.3699951171875,288.6600036621094,53565900
2023-03-03,293.6789855957031,299.67999267578125,299.9200134277344,294.8699951171875,295.3900146484375,60511500
2023-03-06,294.0122375488281,300.0199890136719,304.0,299.82000732421875,300.94000244140625,56736300
2023-03-07,290.4058837890625,296.3399963378906,301.010009765625,295.7200012207031,300.07000732421875,65955800
2023-03-08,291.8562316894531,297.82000732421875,298.42999267578125,294.8800048828125,296.7699890136719,50876300
2023-03-09,286.799560546875,292.6600036621094,300.9800109863281,291.8299865722656,298.3299865722656,71456700
2023-03-10,282.7719421386719,288.54998779296875,294.3500061035156,287.3800048828125,292.8299865722656,98593600
2023-03-13,284.86907958984375,290.69000244140625,294.4700012207031,285.19000244140625,286.7300109863281,97123600
2023-03-14,291.4152526855469,297.3699951171875,297.92999267578125,293.45001220703125,294.30999755859375,73602500
2023-03-15,292.9440612792969,298.92999267578125,299.2699890136719,293.239990234375,294.7099914550781,83631500
2023-03-16,300.66632080078125,306.80999755859375,307.17999267578125,297.19000244140625,298.0,98198100
2023-03-17,299.2453308105469,305.3599853515625,309.1499938964844,303.3699951171875,306.7200012207031,89923700
2023-03-20,300.3072509765625,305.9700012207031,306.29998779296875,302.010009765625,304.260009765625,56359500
2023-03-21,304.5964050292969,310.3399963378906,310.79998779296875,306.3999938964844,307.94000244140625,49757000
2023-03-22,300.45452880859375,306.1199951171875,315.25,305.95001220703125,310.2699890136719,75791900
2023-03-23,304.0173034667969,309.75,314.1499938964844,307.010009765625,309.9200134277344,74576000
2023-03-24,305.1362609863281,310.8900146484375,310.989990234375,306.95001220703125,309.32000732421875,57195200
2023-03-27,303.045654296875,308.760009765625,312.70001220703125,307.8900146484375,311.6000061035156,50287400
2023-03-28,301.43597412109375,307.1199951171875,308.20001220703125,304.7699890136719,308.1700134277344,48585900
2023-03-29,306.93231201171875,312.7200012207031,313.3500061035156,310.04998779296875,310.8800048828125,53274300
2023-03-30,309.8375549316406,315.67999267578125,316.32000732421875,312.80999755859375,315.239990234375,58354800
2023-03-31,314.99041748046875,320.92999267578125,321.1700134277344,315.6000061035156,315.9100036621094,62138100
2023-04-03,314.22479248046875,320.1499938964844,320.4200134277344,317.4200134277344,318.7699890136719,47126800
2023-04-04,313.164794921875,319.07000732421875,321.6300048828125,317.8299865722656,320.6000061035156,45875400
2023-04-05,310.07318115234375,315.9200134277344,319.05999755859375,314.07000732421875,318.1000061035156,62795700
2023-04-06,312.1636962890625,318.04998779296875,318.54998779296875,312.82000732421875,314.239990234375,46916500
2023-04-10,311.987060546875,317.8699951171875,317.9200134277344,313.25,315.07000732421875,45134700
2023-04-11,309.9847717285156,315.8299865722656,317.8900146484375,315.30999755859375,317.8299865722656,40113600
2023-04-12,307.24639892578125,313.0400085449219,318.4200134277344,312.57000732421875,317.82000732421875,62813300
2023-04-13,313.2630310058594,319.1700134277344,319.6499938964844,313.6300048828125,314.8299865722656,54613800
2023-04-14,312.674072265625,318.57000732421875,320.3599853515625,315.6099853515625,317.5899963378906,56278300
2023-04-17,312.9390563964844,318.8399963378906,319.20001220703125,316.0400085449219,318.1499938964844,43007000
2023-04-18,312.958740234375,318.8599853515625,321.4200134277344,317.6400146484375,320.989990234375,46746900
2023-04-19,312.8114929199219,318.7099914550781,319.7900085449219,316.2799987792969,316.4100036621094,38960100
2023-04-20,310.426513671875,316.2799987792969,319.2699890136719,314.9700012207031,315.69000244140625,62462100
2023-04-21,310.7503662109375,316.6099853515625,317.3999938964844,314.1000061035156,315.9100036621094,59002300
2023-04-24,310.10260009765625,315.95001220703125,317.739990234375,313.739990234375,316.3800048828125,44043100
2023-04-25,304.2528991699219,309.989990234375,314.9700012207031,309.8900146484375,314.2900085449219,57121600
2023-04-26,306.0980529785156,311.8699951171875,314.94000244140625,311.3399963378906,313.44000244140625,55400500
2023-04-27,314.42120361328125,320.3500061035156,320.8599853515625,315.04998779296875,315.70001220703125,65430400
2023-04-28,316.5902404785156,322.55999755859375,322.6499938964844,318.9599914550781,320.1099853515625,59712600
2023-05-01,316.2270812988281,322.19000244140625,323.6300048828125,321.0899963378906,322.0899963378906,41013400
2023-05-02,313.4691162109375,319.3800048828125,322.45001220703125,317.6099853515625,322.1199951171875,56519400
2023-05-03,311.41778564453125,317.2900085449219,322.4700012207031,317.17999267578125,319.75,59882100
2023-05-04,310.3184509277344,316.1700134277344,318.2300109863281,315.1199951171875,317.05999755859375,50224500
2023-05-05,316.9140930175781,322.8900146484375,323.760009765625,316.2099914550781,318.4700012207031,51806100
2023-05-08,317.6993408203125,323.69000244140625,324.0400085449219,321.32000732421875,322.4200134277344,36465800
2023-05-09,315.68731689453125,321.6400146484375,322.8800048828125,321.32000732421875,322.0,31768800
2023-05-10,319.12249755859375,325.1400146484375,326.010009765625,321.6000061035156,324.1199951171875,60446600
2023-05-11,320.162841796875,326.20001220703125,326.75,324.1199951171875,325.70001220703125,44278500
2023-05-12,319.0145263671875,325.0299987792969,327.1700134277344,322.94000244140625,326.739990234375,48432800
2023-05-15,320.74200439453125,326.7900085449219,327.0299987792969,323.9599914550781,325.510009765625,33375600
2023-05-16,321.1051025390625,327.1600036621094,328.8999938964844,326.0199890136719,326.05999755859375,40019200
2023-05-17,324.9917907714844,331.1199951171875,331.7099914550781,327.0400085449219,328.239990234375,47486100
2023-05-18,331.0279846191406,337.2699890136719,337.489990234375,331.5,331.5199890136719,64213500
2023-05-19,330.2821350097656,336.510009765625,338.2099914550781,335.42999267578125,337.489990234375,61554900
2023-05-22,331.3911437988281,337.6400146484375,338.6700134277344,336.239990234375,336.25,43015900
2023-05-23,327.1903076171875,333.3599853515625,337.05999755859375,333.0,335.8900146484375,48216700
2023-05-24,325.5119934082031,331.6499938964844,332.9100036621094,329.55999755859375,331.3699951171875,62891200
2023-05-25,333.4326171875,339.7200012207031,341.010009765625,336.6700134277344,339.1400146484375,66862800
2023-05-26,341.95196533203125,348.3999938964844,349.25,340.6600036621094,340.760009765625,63007000
2023-05-30,343.5028076171875,349.9800109863281,353.92999267578125,348.5299987792969,352.7099914550781,72652200
2023-05-31,341.5495910644531,347.989990234375,350.6000061035156,346.510009765625,348.3699951171875,65105400
2023-06-01,345.49517822265625,352.010009765625,353.3599853515625,346.6600036621094,347.7300109863281,50488600
2023-06-02,348.0863952636719,354.6499938964844,355.8299865722656,352.010009765625,353.79998779296875,53372100
2023-06-05,348.33172607421875,354.8999938964844,357.5,353.8500061035156,354.42999267578125,47266200
2023-06-06,348.2728271484375,354.8399963378906,355.82000732421875,352.92999267578125,354.2799987792969,41390400
2023-06-07,342.36419677734375,348.82000732421875,357.1199951171875,348.17999267578125,355.1300048828125,69225900
2023-06-08,346.6141357421875,353.1499938964844,353.6199951171875,348.8900146484375,349.1199951171875,47153900
2023-06-09,347.9391174316406,354.5,357.6600036621094,353.0299987792969,354.6300048828125,53196900
2023-06-12,353.8182678222656,360.489990234375,360.5899963378906,355.20001220703125,356.19000244140625,44606500
2023-06-13,356.5370178222656,363.260009765625,364.1099853515625,360.0299987792969,363.2900085449219,57097800
2023-06-14,359.12811279296875,365.8999938964844,366.19000244140625,360.4200134277344,363.2699890136719,69525600
2023-06-15,363.407470703125,370.260009765625,371.7699890136719,363.9800109863281,364.6099853515625,71138800
2023-06-16,361.1205749511719,367.92999267578125,372.8500061035156,367.4800109863281,372.7200012207031,80932000
2023-06-20,360.6036376953125,366.8999938964844,368.32000732421875,363.8900146484375,365.95001220703125,49204700
2023-06-21,355.6893310546875,361.8999938964844,366.17999267578125,360.9599914550781,365.739990234375,53378300
2023-06-22,359.8860778808594,366.1700134277344,366.3299865722656,360.2200012207031,360.6300048828125,47603000
2023-06-23,356.3184509277344,362.5400085449219,364.8800048828125,360.82000732421875,362.2099914550781,48922900
2023-06-26,351.541748046875,357.67999267578125,364.8399963378906,357.5899963378906,362.0,52685500
2023-06-27,357.58624267578125,363.8299865722656,364.57000732421875,358.510009765625,359.25,49428100
2023-06-28,358.28411865234375,364.5400085449219,366.5199890136719,361.8999938964844,361.9800109863281,46498000
2023-06-29,357.5666198730469,363.80999755859375,364.8900146484375,362.1400146484375,364.239990234375,46151000
2023-06-30,363.080322265625,369.4200134277344,370.489990234375,367.2300109863281,367.54998779296875,58712500
2023-07-03,363.93536376953125,370.2900085449219,370.92999267578125,368.9700012207031,370.07000732421875,19432900
2023-07-05,363.92559814453125,370.2799987792969,372.010009765625,368.6600036621094,368.70001220703125,34460900
2023-07-06,361.15399169921875,367.4599914550781,367.9100036621094,364.5199890136719,366.510009765625,49374700
2023-07-07,359.95489501953125,366.239990234375,370.4800109863281,366.010009765625,367.2300109863281,47133700
2023-07-10,360.0728759765625,366.3599853515625,367.04998779296875,363.4100036621094,365.9599914550781,48498800
2023-07-11,361.8517761230469,368.1700134277344,368.6300048828125,364.6199951171875,366.7900085449219,38214100
2023-07-12,366.42193603515625,372.82000732421875,374.19000244140625,370.29998779296875,372.3399963378906,61975400
2023-07-13,372.6433410644531,379.1499938964844,379.989990234375,375.4599914550781,376.04998779296875,46960000
2023-07-14,372.5647888183594,379.07000732421875,382.8599853515625,378.17999267578125,379.5899963378906,55148500
2023-07-17,376.0439453125,382.6099853515625,383.5,379.30999755859375,379.79998779296875,40868900
2023-07-18,379.1203308105469,385.739990234375,387.1300048828125,380.0,381.9599914550781,55262000
2023-07-19,379.03179931640625,385.6499938964844,387.9800109863281,384.29998779296875,386.82000732421875,54093000
2023-07-20,370.2944030761719,376.760009765625,384.1000061035156,375.7200012207031,382.6099853515625,71941700
2023-07-21,369.1837463378906,375.6300048828125,379.9200134277344,375.19000244140625,379.17999267578125,60499600
2023-07-24,369.7734680175781,376.2300109863281,377.5799865722656,374.3399963378906,376.6199951171875,40380100
2023-07-25,372.27972412109375,378.7799987792969,380.4700012207031,376.92999267578125,376.95001220703125,38894400
2023-07-26,371.0412902832031,377.5199890136719,379.239990234375,375.17999267578125,377.7200012207031,47075700
2023-07-27,370.1568298339844,376.6199951171875,384.7099914550781,375.30999755859375,383.07000732421875,63940200
2023-07-28,376.8990173339844,383.4800109863281,384.5199890136719,380.2200012207031,380.739990234375,56902900
2023-07-31,377.0956115722656,383.67999267578125,384.8800048828125,382.3399963378906,383.7900085449219,44019900
2023-08-01,376.2209167480469,382.7900085449219,383.55999755859375,380.69000244140625,382.30999755859375,41060600
2023-08-02,367.965087890625,374.3900146484375,379.260009765625,373.1300048828125,379.260009765625,72687100
2023-08-03,367.3753356933594,373.7900085449219,375.95001220703125,371.7699890136719,371.94000244140625,47666400
2023-08-04,365.6553649902344,372.0400085449219,378.1000061035156,371.5299987792969,375.75,61702800
2023-08-07,368.7513122558594,375.19000244140625,375.2900085449219,371.510009765625,373.8800048828125,37230400
2023-08-08,365.61602783203125,372.0,372.6600036621094,368.82000732421875,372.6400146484375,44726500
2023-08-09,361.59625244140625,367.9100036621094,372.45001220703125,367.1400146484375,372.2900085449219,51150900
2023-08-10,362.2645568847656,368.5899963378906,374.3599853515625,367.0400085449219,370.9700012207031,72035300
2023-08-11,359.95489501953125,366.239990234375,368.0,364.69000244140625,365.989990234375,48707200
2023-08-14,363.994384765625,370.3500061035156,370.4700012207031,364.70001220703125,365.42999267578125,42130800
2023-08-15,360.1318359375,366.4200134277344,370.1700134277344,365.739990234375,369.3599853515625,45539900
2023-08-16,356.3184509277344,362.5400085449219,367.42999267578125,362.44000244140625,365.8699951171875,53190500
2023-08-17,352.4263610839844,358.5799865722656,364.30999755859375,358.1600036621094,363.9599914550781,62604300
2023-08-18,351.9841003417969,358.1300048828125,359.4100036621094,354.7099914550781,355.260009765625,61191400
2023-08-21,357.6549987792969,363.8999938964844,364.5899963378906,359.1499938964844,359.6199951171875,50696500
2023-08-22,357.14398193359375,363.3800048828125,366.55999755859375,362.67999267578125,366.54998779296875,44530200
2023-08-23,362.775634765625,369.1099853515625,370.2200012207031,364.3599853515625,364.5799865722656,51770600
2023-08-24,355.0210876464844,361.2200012207031,372.739990234375,361.010009765625,372.6400146484375,66842500
2023-08-25,357.7729797363281,364.0199890136719,365.739990234375,358.5799865722656,362.07000732421875,69960500
2023-08-28,360.4659729003906,366.760009765625,367.7099914550781,364.25,366.989990234375,40910000
2023-08-29,368.3385314941406,374.7699890136719,375.1300048828125,366.2300109863281,366.55999755859375,58492400
2023-08-30,370.39263916015625,376.8599853515625,377.45001220703125,373.8599853515625,374.8800048828125,41731500
2023-08-31,371.5032043457031,377.989990234375,379.7200012207031,376.8699951171875,376.94000244140625,35730700
2023-09-01,371.1101379394531,377.5899963378906,380.8299865722656,376.0799865722656,380.3999938964844,39801200
2023-09-05,371.5819396972656,378.07000732421875,379.30999755859375,375.8299865722656,376.7699890136719,32344200
2023-09-06,368.30908203125,374.739990234375,377.6300048828125,372.70001220703125,377.2799987792969,42998700
2023-09-07,365.675048828125,372.05999755859375,372.8500061035156,369.1499938964844,370.2099914550781,52060700
2023-09-08,366.18609619140625,372.5799865722656,374.8500061035156,371.6000061035156,372.010009765625,35800100
2023-09-11,370.50079345703125,376.9700012207031,377.489990234375,373.6600036621094,375.6600036621094,39936600
2023-09-12,366.39251708984375,372.7900085449219,376.95001220703125,372.5,375.2699890136719,41391000
2023-09-13,367.7881774902344,374.2099914550781,375.8399963378906,371.8800048828125,373.0299987792969,46300700
2023-09-14,370.7955627441406,377.2699890136719,378.2699890136719,373.8900146484375,375.989990234375,48039400
2023-09-15,364.44647216796875,370.80999755859375,376.32000732421875,369.8599853515625,375.9100036621094,69811200
2023-09-18,364.8264465332031,370.6600036621094,371.7900085449219,369.0299987792969,369.32000732421875,36903500
2023-09-19,364.0488586425781,369.8699951171875,370.67999267578125,366.79998779296875,369.32000732421875,37621700
2023-09-20,358.8027648925781,364.5400085449219,371.30999755859375,364.4599914550781,370.95001220703125,45514200
2023-09-21,352.2278747558594,357.8599853515625,361.6000061035156,357.69000244140625,360.79998779296875,69734800
2023-09-22,352.2770690917969,357.9100036621094,361.79998779296875,357.5899963378906,359.6300048828125,51589700
2023-09-25,353.9502868652344,359.6099853515625,359.70001220703125,355.92999267578125,356.92999267578125,39168000
2023-09-26,348.6352844238281,354.2099914550781,357.5400085449219,353.2099914550781,356.989990234375,53657700
2023-09-27,349.4522705078125,355.0400085449219,356.9800109863281,351.3599853515625,355.3800048828125,56066000
2023-09-28,352.3755187988281,358.010009765625,360.1700134277344,353.239990234375,354.1099853515625,56453300
2023-09-29,352.6314392089844,358.2699890136719,362.95001220703125,357.0199890136719,361.5400085449219,64829600
2023-10-02,355.5743103027344,361.260009765625,362.67999267578125,357.9200134277344,358.5400085449219,51625100
2023-10-03,349.3341369628906,354.9200134277344,361.010009765625,353.2799987792969,358.7799987792969,60478500
2023-10-04,354.088134765625,359.75,360.6099853515625,355.29998779296875,355.7699890136719,54786700
2023-10-05,353.04473876953125,358.69000244140625,360.1499938964844,355.1400146484375,359.739990234375,45897400
2023-10-06,358.960205078125,364.70001220703125,365.9100036621094,354.8500061035156,355.6499938964844,75049100
2023-10-09,360.7908935546875,366.55999755859375,367.1099853515625,360.7799987792969,362.29998779296875,45304800
2023-10-10,362.7889404296875,368.5899963378906,371.2799987792969,366.3900146484375,366.8999938964844,46968800
2023-10-11,365.3775939941406,371.2200012207031,371.4100036621094,368.19000244140625,369.94000244140625,38215100
2023-10-12,364.10791015625,369.92999267578125,373.739990234375,367.5,371.7300109863281,49587900
2023-10-13,359.5310974121094,365.2799987792969,371.1600036621094,363.8599853515625,370.57000732421875,52469900
2023-10-16,363.59613037109375,369.4100036621094,370.4800109863281,366.4700012207031,366.6199951171875,44201100
2023-10-17,362.40509033203125,368.20001220703125,369.9200134277344,363.6600036621094,365.80999755859375,50999100
2023-10-18,357.6511535644531,363.3699951171875,367.9100036621094,362.0199890136719,365.6700134277344,54280500
2023-10-19,354.30462646484375,359.9700012207031,366.0199890136719,359.1600036621094,364.80999755859375,72274200
2023-10-20,349.01910400390625,354.6000061035156,360.0400085449219,354.3699951171875,359.4599914550781,72559700
2023-10-23,350.07232666015625,355.6700134277344,359.260009765625,351.1199951171875,353.260009765625,60665200
2023-10-24,353.47784423828125,359.1300048828125,359.9100036621094,355.7900085449219,357.510009765625,47082100
2023-10-25,344.826171875,350.3399963378906,356.8800048828125,349.75,356.70001220703125,71190500
2023-10-26,338.2513427734375,343.6600036621094,350.07000732421875,342.3500061035156,349.1199951171875,78621400
2023-10-27,339.8753967285156,345.30999755859375,348.8399963378906,344.0799865722656,346.42999267578125,63476700
2023-10-30,343.70416259765625,349.20001220703125,350.5400085449219,346.45001220703125,347.8299865722656,55298500
2023-10-31,345.347900390625,350.8699951171875,351.25,346.6199951171875,349.2300109863281,47671900
2023-11-01,351.3420104980469,356.9599914550781,357.5299987792969,351.6199951171875,351.7200012207031,58992700
2023-11-02,357.7200012207031,363.44000244140625,363.67999267578125,360.29998779296875,361.5400085449219,58162400
2023-11-03,361.9228515625,367.7099914550781,369.0199890136719,364.5199890136719,364.75,53280500
2023-11-06,363.3992004394531,369.2099914550781,369.7799987792969,366.9100036621094,368.489990234375,38848700
2023-11-07,366.8343200683594,372.70001220703125,373.5799865722656,369.04998779296875,370.2699890136719,50777400
2023-11-08,367.070556640625,372.94000244140625,373.7900085449219,370.6199951171875,373.0799865722656,35663400
2023-11-09,364.2456970214844,370.07000732421875,374.79998779296875,369.57000732421875,373.6400146484375,53859400
2023-11-10,372.4347229003906,378.3900146484375,378.5400085449219,371.2799987792969,371.82000732421875,58309800
2023-11-13,371.2732849121094,377.2099914550781,378.2799987792969,375.239990234375,376.7900085449219,40733500
2023-11-14,379.2655029296875,385.3299865722656,386.260009765625,383.17999267578125,383.7099914550781,67792600
2023-11-15,379.5509338378906,385.6199951171875,387.75,384.239990234375,387.25,54141400
2023-11-16,379.8757629394531,385.95001220703125,386.19000244140625,383.55999755859375,384.8399963378906,45343500
2023-11-17,379.96429443359375,386.0400085449219,387.07000732421875,384.2900085449219,385.2099914550781,46571900
2023-11-20,384.5903625488281,390.739990234375,391.4100036621094,386.04998779296875,386.04998779296875,44429600
2023-11-21,382.35601806640625,388.4700012207031,389.2300109863281,386.70001220703125,389.010009765625,43337000
2023-11-22,383.921142578125,390.05999755859375,393.07000732421875,389.0400085449219,390.57000732421875,44121000
2023-11-24,383.3797607421875,389.510009765625,390.25,388.5,389.6499938964844,15718800
2023-11-27,383.0450744628906,389.1700134277344,391.1499938964844,388.2799987792969,389.010009765625,34139700
2023-11-28,384.0490417480469,390.19000244140625,390.7799987792969,388.04998779296875,388.4100036621094,35491100
2023-11-29,383.67498779296875,389.80999755859375,394.1400146484375,389.4599914550781,392.69000244140625,38811700
2023-11-30,382.7104187011719,388.8299865722656,390.54998779296875,385.82000732421875,390.0799865722656,52834400
2023-12-01,383.8029479980469,389.94000244140625,390.5400085449219,386.07000732421875,387.75,40490100
2023-12-04,380.239990234375,386.32000732421875,386.6000061035156,382.6600036621094,386.0899963378906,51186900
2023-12-05,381.19464111328125,387.2900085449219,388.5,384.2099914550781,384.3900146484375,42933000
2023-12-06,378.98992919921875,385.04998779296875,390.3699951171875,384.70001220703125,390.2699890136719,41994100
2023-12-07,384.28521728515625,390.42999267578125,391.2699890136719,386.9599914550781,388.07000732421875,49593500
2023-12-08,385.9978942871094,392.1700134277344,392.6199951171875,388.4800109863281,388.6700134277344,46687500
2023-12-11,389.295166015625,395.5199890136719,395.7900085449219,391.5299987792969,391.739990234375,41198000
2023-12-12,392.39556884765625,398.6700134277344,398.7900085449219,394.4100036621094,395.55999755859375,39221200
2023-12-13,397.38580322265625,403.739990234375,404.3599853515625,398.8399963378906,399.6199951171875,55408100
2023-12-14,397.04132080078125,403.3900146484375,406.29998779296875,400.3399963378906,404.9800109863281,55447800
2023-12-15,398.9606018066406,405.3399963378906,406.5400085449219,403.57000732421875,404.17999267578125,62896600
2023-12-18,401.4734802246094,407.0799865722656,407.989990234375,404.6000061035156,404.92999267578125,46610000
2023-12-19,403.5248718261719,409.1600036621094,409.2799987792969,407.3500061035156,407.5400085449219,35711900
2023-12-20,397.52862548828125,403.0799865722656,410.4700012207031,402.8999938964844,408.3500061035156,54042400
2023-12-21,402.1539611816406,407.7699890136719,408.1400146484375,404.4700012207031,407.05999755859375,45568900
2023-12-22,402.755615234375,408.3800048828125,409.9700012207031,406.4800109863281,409.0,34314000
2023-12-26,405.2212219238281,410.8800048828125,411.55999755859375,409.1499938964844,409.25,22722500
2023-12-27,406.0461120605469,411.5,411.7900085449219,410.0799865722656,410.95001220703125,31980500
2023-12-28,405.8487548828125,411.29998779296875,412.9200134277344,410.94000244140625,412.6700134277344,27029200
2023-12-29,404.0923156738281,409.5199890136719,411.6400146484375,407.5799865722656,411.2799987792969,42662100
2024-01-02,397.254150390625,402.5899963378906,406.0899963378906,400.239990234375,405.8399963378906,58026900
2024-01-03,393.0506286621094,398.3299865722656,401.0,397.8900146484375,399.92999267578125,47002800
2024-01-04,391.0278015136719,396.2799987792969,399.5899963378906,396.05999755859375,396.44000244140625,39432800
2024-01-05,391.4916076660156,396.75,399.55999755859375,395.3399963378906,396.45001220703125,44922800
2024-01-08,399.5829162597656,404.95001220703125,405.239990234375,397.8399963378906,397.989990234375,42473800
2024-01-09,400.3722839355469,405.75,406.69000244140625,401.7099914550781,401.9100036621094,39132900
2024-01-10,403.08587646484375,408.5,409.5199890136719,405.1700134277344,406.07000732421875,33962800
2024-01-11,403.924560546875,409.3500061035156,411.20001220703125,404.239990234375,409.7900085449219,54536200
2024-01-12,404.1318054199219,409.55999755859375,411.25,408.1499938964844,410.3999938964844,39595000
2024-01-16,404.0923156738281,409.5199890136719,411.1199951171875,406.8299865722656,408.30999755859375,43903000
2024-01-17,401.81298828125,407.2099914550781,407.5899963378906,402.9200134277344,406.1700134277344,54386000
2024-01-18,407.516357421875,412.989990234375,413.5799865722656,409.1600036621094,410.5199890136719,59562500
2024-01-19,415.5978088378906,421.17999267578125,421.3399963378906,414.6300048828125,415.2200012207031,70325100
2024-01-22,416.1404724121094,421.7300109863281,424.7300109863281,421.1199951171875,423.4100036621094,44880600
2024-01-23,417.86737060546875,423.4800109863281,423.70001220703125,420.57000732421875,422.42999267578125,33003800
2024-01-24,420.1861877441406,425.8299865722656,429.8500061035156,425.3299865722656,427.44000244140625,46948000
2024-01-25,420.69927978515625,426.3500061035156,429.0400085449219,423.9800109863281,428.3599853515625,44367200
2024-01-26,418.19293212890625,423.80999755859375,426.2099914550781,423.1499938964844,424.44000244140625,37137000
2024-01-29,422.4754333496094,428.1499938964844,428.3500061035156,423.6099853515625,424.2699890136719,38694700
2024-01-30,419.6632080078125,425.29998779296875,427.67999267578125,424.3800048828125,427.1000061035156,36739000
2024-01-31,411.4436340332031,416.9700012207031,422.8699951171875,416.7900085449219,420.8500061035156,64010600
2024-02-01,416.2885437011719,421.8800048828125,422.3800048828125,417.80999755859375,418.7900085449219,51008600
2024-02-02,423.3240661621094,429.010009765625,430.239990234375,422.7900085449219,423.79998779296875,59602400
2024-02-05,422.771484375,428.45001220703125,429.6099853515625,425.0,429.07000732421875,39889200
2024-02-06,421.9228515625,427.5899963378906,430.2200012207031,425.2200012207031,429.6099853515625,35846100
2024-02-07,426.2645263671875,431.989990234375,432.8299865722656,429.0899963378906,430.4100036621094,37712700
2024-02-08,427.05389404296875,432.7900085449219,433.55999755859375,431.4200134277344,432.1099853515625,29889900
2024-02-09,431.2574462890625,437.04998779296875,437.8500061035156,433.1400146484375,433.94000244140625,36943900
2024-02-12,429.57012939453125,435.3399963378906,439.1400146484375,434.6499938964844,436.94000244140625,33203300
2024-02-13,422.8701171875,428.54998779296875,431.2699890136719,425.3299865722656,427.2799987792969,64491700
2024-02-14,427.4781799316406,433.2200012207031,433.6499938964844,428.8800048828125,431.260009765625,45092700
2024-02-15,428.7511291503906,434.510009765625,434.9800109863281,431.3299865722656,433.9200134277344,38796100
2024-02-16,424.86334228515625,430.57000732421875,434.989990234375,429.8500061035156,434.8900146484375,53716500
2024-02-20,421.6563720703125,427.32000732421875,430.0799865722656,423.5,428.54998779296875,53999500
2024-02-21,419.96905517578125,425.6099853515625,425.70001220703125,421.6300048828125,424.54998779296875,49779000
2024-02-22,432.26397705078125,438.07000732421875,439.1199951171875,433.7099914550781,434.489990234375,53887800
2024-02-23,430.9910583496094,436.7799987792969,440.5899963378906,435.7900085449219,439.6499938964844,39853900
2024-02-26,430.76409912109375,436.54998779296875,438.6000061035156,436.3599853515625,437.6000061035156,33043200
2024-02-27,431.8002014160156,437.6000061035156,437.989990234375,435.0299987792969,437.6700134277344,33713200
2024-02-28,429.5009765625,435.2699890136719,436.6700134277344,434.29998779296875,435.42999267578125,32938800
2024-02-29,433.1816101074219,439.0,440.0899963378906,435.0199890136719,438.2300109863281,42495200
2024-03-01,439.7040100097656,445.6099853515625,446.5799865722656,439.8399963378906,439.8999938964844,43853000
2024-03-04,438.13507080078125,444.0199890136719,446.0400085449219,443.7699890136719,445.6099853515625,34325700
2024-03-05,430.2707214355469,436.04998779296875,440.95001220703125,433.6499938964844,440.94000244140625,57917100
2024-03-06,432.97442626953125,438.7900085449219,441.989990234375,436.8900146484375,440.32000732421875,46234500
2024-03-07,439.5461730957031,445.45001220703125,446.7200012207031,440.8599853515625,442.4200134277344,44526700
2024-03-08,433.2013244628906,439.0199890136719,448.6400146484375,438.3399963378906,445.80999755859375,72096000
2024-03-11,431.593017578125,437.3900146484375,438.6600036621094,435.44000244140625,437.510009765625,45860000
2024-03-12,437.77984619140625,443.6600036621094,444.0199890136719,436.4599914550781,439.7300109863281,55300900
2024-03-13,434.4150695800781,440.25,442.6700134277344,439.1199951171875,442.6499938964844,37928700
2024-03-14,433.3197937011719,439.1400146484375,442.0299987792969,436.3900146484375,441.5,52195200
2024-03-15,428.16900634765625,433.9200134277344,438.8699951171875,432.739990234375,436.07000732421875,73069800
2024-03-18,432.25262451171875,437.4800109863281,441.0400085449219,437.239990234375,438.7300109863281,47323800
2024-03-19,433.32958984375,438.57000732421875,438.9800109863281,433.3299865722656,435.45001220703125,43004100
2024-03-20,438.4674377441406,443.7699890136719,444.1099853515625,438.05999755859375,439.7799987792969,43653500
2024-03-21,440.5423278808594,445.8699951171875,449.3399963378906,445.6700134277344,448.8800048828125,39345700
2024-03-22,441.0462646484375,446.3800048828125,447.489990234375,444.489990234375,445.3500061035156,28253900
2024-03-25,439.445556640625,444.760009765625,446.260009765625,442.5400085449219,443.54998779296875,27789200
2024-03-26,438.0228576660156,443.32000732421875,447.2300109863281,443.0899963378906,446.29998779296875,34142000
2024-03-27,439.5147705078125,444.8299865722656,446.5400085449219,441.92999267578125,446.44000244140625,41359200
2024-03-28,438.7045593261719,444.010009765625,445.6400146484375,443.6499938964844,444.7799987792969,36839600
2024-04-01,439.6333312988281,444.95001220703125,447.5299987792969,443.0199890136719,444.9700012207031,38729000
2024-04-02,435.8392028808594,441.1099853515625,441.42999267578125,438.0299987792969,440.0799865722656,44259700
2024-04-03,436.8173828125,442.1000061035156,444.0,438.95001220703125,438.9599914550781,39949800
2024-04-04,430.1381530761719,435.3399963378906,446.95001220703125,435.1099853515625,446.3299865722656,57267700
2024-04-05,435.2068176269531,440.4700012207031,443.1700134277344,435.9599914550781,436.7799987792969,54744600
2024-04-08,435.3353271484375,440.6000061035156,442.5,439.20001220703125,441.4100036621094,28144900
2024-04-09,436.9458312988281,442.2300109863281,443.239990234375,437.44000244140625,442.9599914550781,39443600
2024-04-10,433.1319885253906,438.3699951171875,439.239990234375,436.2799987792969,437.0,61502200
2024-04-11,440.04827880859375,445.3699951171875,446.3299865722656,437.9599914550781,440.260009765625,45474600
2024-04-12,433.0331726074219,438.2699890136719,442.239990234375,436.8800048828125,441.1000061035156,53665000
2024-04-15,425.9092712402344,431.05999755859375,442.1499938964844,430.2099914550781,442.05999755859375,63453600
2024-04-16,425.9488220214844,431.1000061035156,433.760009765625,429.70001220703125,430.8999938964844,47619000
2024-04-17,420.75164794921875,425.8399963378906,433.1199951171875,424.8999938964844,433.1000061035156,56880500
2024-04-18,418.3506774902344,423.4100036621094,428.239990234375,422.8299865722656,426.489990234375,46549400
2024-04-19,409.69537353515625,414.6499938964844,422.75,413.07000732421875,422.2200012207031,75231000
2024-04-22,413.8155822753906,418.82000732421875,421.17999267578125,413.94000244140625,417.30999755859375,47807700
2024-04-23,419.9908752441406,425.07000732421875,426.2799987792969,418.8699951171875,420.7699890136719,44384700
2024-04-24,421.41363525390625,426.510009765625,429.7300109863281,424.20001220703125,428.20001220703125,48440300
2024-04-25,419.3782958984375,424.45001220703125,425.32000732421875,418.1400146484375,419.239990234375,57392200
2024-04-26,425.8500671386719,431.0,432.54998779296875,426.9200134277344,427.6199951171875,41874900
2024-04-29,427.5791015625,432.75,433.760009765625,429.9800109863281,433.1300048828125,30022200
2024-04-30,419.5166015625,424.5899963378906,432.55999755859375,424.510009765625,431.1499938964844,43665900
2024-05-01,416.4832763671875,421.5199890136719,430.1400146484375,420.6600036621094,423.1499938964844,52251700
2024-05-02,421.7989807128906,426.8999938964844,427.80999755859375,420.6300048828125,425.29998779296875,36559000
2024-05-03,430.2764587402344,435.4800109863281,436.4800109863281,432.6199951171875,434.44000244140625,48515300
2024-05-06,434.989501953125,440.25,440.3399963378906,436.5199890136719,437.29998779296875,30227200
2024-05-07,435.05865478515625,440.32000732421875,441.9700012207031,439.5799865722656,440.70001220703125,30996100
2024-05-08,434.80181884765625,440.05999755859375,441.4800109863281,437.54998779296875,437.6700134277344,24896700
2024-05-09,435.750244140625,441.0199890136719,441.6000061035156,438.4599914550781,440.3299865722656,24580100
2024-05-10,436.7779235839844,442.05999755859375,444.30999755859375,440.5,442.5400085449219,27116600
2024-05-13,437.78564453125,443.0799865722656,444.0899963378906,441.6499938964844,443.989990234375,22994200
2024-05-14,440.6015930175781,445.92999267578125,446.4700012207031,442.4599914550781,442.6499938964844,34478300
2024-05-15,447.4883117675781,452.8999938964844,453.1499938964844,446.8999938964844,448.42999267578125,41464700
2024-05-16,446.579345703125,451.9800109863281,454.69000244140625,451.80999755859375,452.7099914550781,34780400
2024-05-17,446.36199951171875,451.760009765625,452.7200012207031,449.5400085449219,452.1099853515625,35803700
2024-05-20,449.47430419921875,454.9100036621094,455.5799865722656,451.7900085449219,451.9800109863281,24474200
2024-05-21,450.3536376953125,455.79998779296875,455.989990234375,452.8399963378906,453.0400085449219,23167700
2024-05-22,450.26470947265625,455.7099914550781,456.82000732421875,453.0799865722656,456.05999755859375,25120000
2024-05-23,448.2392578125,453.6600036621094,460.5799865722656,451.8500061035156,460.54998779296875,40899200
2024-05-24,452.47796630859375,457.95001220703125,459.2300109863281,453.57000732421875,455.2900085449219,29669500
2024-05-28,454.1872863769531,459.67999267578125,459.739990234375,456.69000244140625,459.17999267578125,26216800
2024-05-29,450.9859924316406,456.44000244140625,458.239990234375,455.3399963378906,455.4800109863281,29739200
2024-05-30,446.1544189453125,451.54998779296875,455.6400146484375,450.2099914550781,455.5,30536800
2024-05-31,445.32452392578125,450.7099914550781,452.4800109863281,443.05999755859375,451.7799987792969,55941300
2024-06-03,447.7155456542969,453.1300048828125,455.5799865722656,447.8999938964844,454.57000732421875,32997500
2024-06-04,448.9407653808594,454.3699951171875,455.5799865722656,451.1300048828125,452.8699951171875,23767400
2024-06-05,457.9913330078125,463.5299987792969,463.6099853515625,454.4100036621094,457.9800109863281,33817400
2024-06-06,457.83319091796875,463.3699951171875,464.5400085449219,462.19000244140625,464.2200012207031,21966800
2024-06-07,457.4281005859375,462.9599914550781,465.739990234375,461.8399963378906,463.0,25829700
2024-06-10,459.2757568359375,464.8299865722656,465.19000244140625,461.5299987792969,461.82000732421875,20660800
2024-06-11,462.42767333984375,468.0199890136719,468.1400146484375,462.0299987792969,463.5400085449219,22053300
2024-06-12,468.48443603515625,474.1499938964844,476.5,471.2900085449219,471.989990234375,34532600
2024-06-13,471.023681640625,476.7200012207031,478.3900146484375,474.4200134277344,477.7200012207031,25859000
2024-06-14,473.46417236328125,479.19000244140625,479.260009765625,476.04998779296875,476.5199890136719,23372600
2024-06-17,479.2640075683594,485.05999755859375,486.8599853515625,478.1400146484375,479.4599914550781,37054500
2024-06-18,479.41229248046875,485.2099914550781,485.8999938964844,483.42999267578125,485.010009765625,24438600
2024-06-20,475.7169189453125,481.4700012207031,486.8399963378906,479.6199951171875,486.4200134277344,33918700
2024-06-21,474.4423522949219,480.17999267578125,482.5400085449219,478.6700134277344,481.19000244140625,37456800
2024-06-24,469.0409851074219,473.9599914550781,479.92999267578125,473.82000732421875,478.17999267578125,37751000
2024-06-25,474.40472412109375,479.3800048828125,479.67999267578125,475.1199951171875,476.07000732421875,29014700
2024-06-26,475.3844909667969,480.3699951171875,480.9200134277344,478.1300048828125,478.54998779296875,22737100
2024-06-27,476.61163330078125,481.6099853515625,483.1000061035156,479.29998779296875,480.1199951171875,26222100
2024-06-28,474.1375427246094,479.1099853515625,487.20001220703125,478.4599914550781,482.4100036621094,34881600
2024-07-01,476.9183654785156,481.9200134277344,482.489990234375,476.260009765625,480.0400085449219,24898300
2024-07-02,481.9258728027344,486.9800109863281,487.0400085449219,480.2799987792969,480.4100036621094,26723600
2024-07-03,485.9437561035156,491.0400085449219,491.1700134277344,486.2200012207031,486.2200012207031,18064900
2024-07-05,491.0105895996094,496.1600036621094,496.6000061035156,491.5899963378906,491.8900146484375,28495900
2024-07-08,492.1783447265625,497.3399963378906,497.8999938964844,495.5,496.5299987792969,22109400
2024-07-09,492.6038818359375,497.7699890136719,500.0,496.239990234375,498.8699951171875,25614500
2024-07-10,497.74005126953125,502.9599914550781,503.5199890136719,498.3900146484375,499.7099914550781,28046900
2024-07-11,486.82452392578125,491.92999267578125,503.2799987792969,490.7300109863281,503.07000732421875,49966600
2024-07-12,489.68450927734375,494.82000732421875,499.6199951171875,492.0400085449219,492.510009765625,37109400
2024-07-15,491.00067138671875,496.1499938964844,501.010009765625,494.0899963378906,496.6099853515625,31151400
2024-07-16,491.1887512207031,496.3399963378906,498.44000244140625,493.1499938964844,497.6199951171875,25950600
2024-07-17,476.76995849609375,481.7699890136719,488.79998779296875,481.70001220703125,488.2799987792969,56268800
2024-07-18,474.5136413574219,479.489990234375,485.7099914550781,476.2699890136719,485.5299987792969,49347400
2024-07-19,470.3077087402344,475.239990234375,481.69000244140625,473.94000244140625,479.1499938964844,42042900
2024-07-22,477.31427001953125,482.32000732421875,483.3500061035156,477.7099914550781,481.1600036621094,40300000
2024-07-23,475.63189697265625,480.6199951171875,484.42999267578125,480.1400146484375,481.4100036621094,23282500
2024-07-24,458.5708312988281,463.3800048828125,474.19000244140625,462.510009765625,473.82000732421875,58818600
2024-07-25,453.51385498046875,458.2699890136719,467.94000244140625,455.6300048828125,463.7200012207031,59256800
2024-07-26,458.1650390625,462.9700012207031,465.92999267578125,459.7699890136719,462.6499938964844,39992100
2024-07-29,459.0853576660156,463.8999938964844,467.9100036621094,461.6199951171875,465.7099914550781,28218500
2024-07-30,452.781494140625,457.5299987792969,466.55999755859375,454.1499938964844,465.8500061035156,41317200
2024-07-31,466.1810607910156,471.07000732421875,472.7900085449219,466.4100036621094,467.8699951171875,44552100
2024-08-01,454.8893737792969,459.6600036621094,475.54998779296875,455.9800109863281,471.760009765625,56653900
2024-08-02,444.0926818847656,448.75,453.57000732421875,444.4700012207031,450.8900146484375,66323200
2024-08-05,430.8515319824219,435.3699951171875,442.2900085449219,423.45001220703125,424.7099914550781,87483500
2024-08-06,434.96832275390625,439.5299987792969,447.07000732421875,434.55999755859375,437.2300109863281,63164400
2024-08-07,430.2577209472656,434.7699890136719,449.0,434.3699951171875,446.489990234375,54929200
2024-08-08,443.4197692871094,448.07000732421875,448.989990234375,437.1499938964844,441.05999755859375,47890100
2024-08-09,445.7354431152344,450.4100036621094,452.05999755859375,445.6099853515625,446.739990234375,33574000
2024-08-12,446.69537353515625,451.3800048828125,454.3699951171875,448.54998779296875,451.3900146484375,27795000
2024-08-13,457.77911376953125,462.5799865722656,462.8500061035156,455.67999267578125,455.82000732421875,40084500
2024-08-14,457.9275207519531,462.7300109863281,465.1099853515625,458.3999938964844,463.510009765625,34733700
2024-08-15,469.49627685546875,474.4200134277344,474.82000732421875,468.3800048828125,468.760009765625,38280600
2024-08-16,470.09991455078125,475.0299987792969,476.4100036621094,471.6499938964844,472.6199951171875,38383600
2024-08-19,476.275146484375,481.2699890136719,481.30999755859375,473.3699951171875,475.1700134277344,23737700
2024-08-20,475.2756042480469,480.260009765625,482.94000244140625,478.54998779296875,480.3500061035156,29209300
2024-08-21,477.49237060546875,482.5,484.3699951171875,479.32000732421875,481.04998779296875,25658800
2024-08-22,469.92181396484375,474.8500061035156,485.5400085449219,473.80999755859375,484.8399963378906,37739600
2024-08-23,475.018310546875,480.0,482.739990234375,475.2799987792969,479.239990234375,36061500
2024-08-26,470.40667724609375,475.3399963378906,480.3800048828125,473.239990234375,479.45001220703125,27452600
2024-08-27,471.81195068359375,476.760009765625,477.8399963378906,471.7099914550781,473.69000244140625,27510000
2024-08-28,466.45806884765625,471.3500061035156,477.0199890136719,467.8900146484375,476.2900085449219,37372400
2024-08-29,465.7752990722656,470.6600036621094,477.92999267578125,469.3699951171875,473.2799987792969,41081500
2024-08-30,471.3270263671875,476.2699890136719,476.8999938964844,470.510009765625,475.0400085449219,33466500
2024-09-03,457.0171203613281,461.80999755859375,473.3299865722656,459.4100036621094,473.20001220703125,44985200
2024-09-04,455.82958984375,460.6099853515625,464.45001220703125,457.7300109863281,458.6700134277344,32505100
2024-09-05,456.255126953125,461.0400085449219,465.3599853515625,457.94000244140625,458.9700012207031,34452400
2024-09-06,444.03326416015625,448.69000244140625,461.2200012207031,448.19000244140625,460.3299865722656,50624400
2024-09-09,449.7433776855469,454.4599914550781,455.4599914550781,449.82000732421875,453.05999755859375,32981200
2024-09-10,453.89984130859375,458.6600036621094,459.1700134277344,452.2300109863281,456.239990234375,29680300
2024-09-11,463.75640869140625,468.6199951171875,469.3699951171875,451.2799987792969,459.9100036621094,57843000
2024-09-12,468.3086853027344,473.2200012207031,474.0400085449219,466.8500061035156,468.6499938964844,40067800
2024-09-13,470.40667724609375,475.3399963378906,476.5299987792969,472.25,472.4800109863281,29111800
2024-09-16,468.3284606933594,473.239990234375,473.8599853515625,469.8900146484375,473.19000244140625,22585600
2024-09-17,468.57586669921875,473.489990234375,477.6000061035156,470.9700012207031,476.2900085449219,30084400
2024-09-18,466.54718017578125,471.44000244140625,478.8299865722656,470.8299865722656,474.70001220703125,39909200
2024-09-19,478.3434143066406,483.3599853515625,486.2300109863281,480.489990234375,482.6099853515625,52782500
2024-09-20,477.4330139160156,482.44000244140625,483.69000244140625,478.29998779296875,482.489990234375,34577700
2024-09-23,478.698486328125,483.0400085449219,484.1400146484375,481.6000061035156,482.95001220703125,24843000
2024-09-24,481.00750732421875,485.3699951171875,486.3299865722656,480.1700134277344,484.4599914550781,25952600
2024-09-25,481.45355224609375,485.82000732421875,487.7900085449219,484.55999755859375,484.739990234375,26549900
2024-09-26,485.0707092285156,489.4700012207031,493.70001220703125,485.79998779296875,493.3699951171875,32020200
2024-09-27,482.37518310546875,486.75,490.6400146484375,485.55999755859375,490.5,22851100
2024-09-30,483.68328857421875,488.07000732421875,488.4100036621094,482.9200134277344,485.7799987792969,30281100
2024-10-01,476.9444274902344,481.2699890136719,488.0,477.3999938964844,487.70001220703125,42735400
2024-10-02,477.6183166503906,481.95001220703125,483.8800048828125,477.7200012207031,480.3599853515625,23744000
2024-10-03,477.26153564453125,481.5899963378906,484.54998779296875,478.989990234375,479.739990234375,25337200
2024-10-04,482.9400329589844,487.32000732421875,487.8800048828125,482.3900146484375,487.45001220703125,30686600
2024-10-07,477.7669982910156,482.1000061035156,486.57000732421875,480.8699951171875,485.3900146484375,24975100
2024-10-08,484.9021911621094,489.29998779296875,489.989990234375,483.8500061035156,484.6600036621094,28272000
2024-10-09,488.7176208496094,493.1499938964844,493.7300109863281,487.95001220703125,489.0,24995000
2024-10-10,488.1626892089844,492.5899963378906,494.4700012207031,489.5299987792969,490.8500061035156,25750400
2024-10-11,488.92572021484375,493.3599853515625,494.3900146484375,490.1700134277344,490.739990234375,20644500
2024-10-14,493.0285339355469,497.5,498.8299865722656,495.260009765625,495.7699890136719,26060100
2024-10-15,486.4383850097656,490.8500061035156,498.5,488.67999267578125,497.8299865722656,34784500
2024-10-16,486.4977722167969,490.9100036621094,491.69000244140625,487.57000732421875,491.17999267578125,22996800
2024-10-17,486.834716796875,491.25,496.489990234375,491.19000244140625,496.44000244140625,27210700
2024-10-18,490.0257873535156,494.4700012207031,495.57000732421875,493.29998779296875,494.05999755859375,25335000
2024-10-21,490.9672546386719,495.4200134277344,496.2300109863281,491.30999755859375,493.25,30336500
2024-10-22,491.5023498535156,495.9599914550781,497.45001220703125,491.9700012207031,492.7300109863281,26685800
2024-10-23,483.970703125,488.3599853515625,494.25,485.04998779296875,493.5899963378906,39346600
2024-10-24,487.8951110839844,492.32000732421875,493.0,489.44000244140625,492.1099853515625,22024900
2024-10-25,490.8681335449219,495.32000732421875,500.2799987792969,494.42999267578125,495.1400146484375,38762100
2024-10-28,490.9474182128906,495.3999938964844,498.5199890136719,495.1000061035156,498.4599914550781,20477800
2024-10-29,495.6646728515625,500.1600036621094,501.3500061035156,493.8500061035156,495.7200012207031,28014100
2024-10-30,491.9186096191406,496.3800048828125,500.3500061035156,495.8900146484375,499.3900146484375,29756000
2024-10-31,479.5012512207031,483.8500061035156,492.42999267578125,483.75,492.3800048828125,41245200
2024-11-01,483.0490417480469,487.42999267578125,490.75,485.20001220703125,485.5,33655800
2024-11-04,481.641845703125,486.010009765625,489.3800048828125,484.25,486.82000732421875,23291600
2024-11-05,487.7861022949219,492.2099914550781,492.8800048828125,487.5199890136719,487.6099853515625,24353600
2024-11-06,501.03594970703125,505.5799865722656,506.4100036621094,499.6000061035156,500.55999755859375,43082200
2024-11-07,508.9243469238281,513.5399780273438,514.3300170898438,508.3399963378906,508.3999938964844,32853100
2024-11-08,509.5190124511719,514.1400146484375,514.9199829101562,512.4099731445312,513.0399780273438,22924500
2024-11-11,509.22174072265625,513.8400268554688,515.5800170898438,510.9200134277344,515.3699951171875,24167500
2024-11-12,508.3000183105469,512.9099731445312,514.6599731445312,509.8299865722656,513.77001953125,25835300
2024-11-13,507.64599609375,512.25,514.97998046875,509.95001220703125,512.4000244140625,24567400
2024-11-14,504.1180114746094,508.69000244140625,512.7899780273438,507.7699890136719,511.9100036621094,28679500
2024-11-15,492.1069030761719,496.57000732421875,503.3299865722656,494.489990234375,502.94000244140625,51461100
2024-11-18,495.5259094238281,500.0199890136719,502.1400146484375,496.7300109863281,498.1300048828125,27080800
2024-11-19,498.9349670410156,503.4599914550781,503.95001220703125,497.0799865722656,497.4200134277344,24523000
2024-11-20,498.6475830078125,503.1700134277344,503.4800109863281,496.55999755859375,503.1600036621094,29565500
2024-11-21,500.4413146972656,504.9800109863281,506.9599914550781,497.55999755859375,506.239990234375,34526700
2024-11-22,501.2440490722656,505.7900085449219,506.5299987792969,502.7799987792969,504.4200134277344,23826600
2024-11-25,502.0368347167969,506.5899963378906,511.45001220703125,504.260009765625,509.8999938964844,26375200
2024-11-26,504.732421875,509.30999755859375,510.1400146484375,507.2300109863281,508.0799865722656,26557100
2024-11-27,500.7584228515625,505.29998779296875,508.239990234375,501.92999267578125,508.1700134277344,24957400
2024-11-29,505.1585388183594,509.739990234375,510.3399963378906,505.30999755859375,505.92999267578125,15334000
2024-12-02,510.6585998535156,515.2899780273438,516.260009765625,510.6199951171875,511.010009765625,25147200
2024-12-03,512.224365234375,516.8699951171875,517.1500244140625,513.3699951171875,513.9500122070312,18597900
2024-12-04,518.5570068359375,523.260009765625,523.52001953125,519.5999755859375,520.3200073242188,26086200
2024-12-05,517.1200561523438,521.8099975585938,524.0399780273438,521.4199829101562,523.3099975585938,18169600
2024-12-06,521.748046875,526.47998046875,526.719970703125,522.3499755859375,522.47998046875,23762600
2024-12-09,517.6849365234375,522.3800048828125,526.3499755859375,521.219970703125,525.5499877929688,20674400
2024-12-10,515.9208984375,520.5999755859375,525.3800048828125,519.1599731445312,523.6199951171875,24350000
2024-12-11,525.1572265625,529.9199829101562,530.6099853515625,524.5900268554688,525.0,32168600
2024-12-12,521.7679443359375,526.5,528.9600219726562,526.02001953125,527.6799926757812,23577500
2024-12-13,525.7616577148438,530.530029296875,533.1699829101562,527.2999877929688,530.4600219726562,28780400
2024-12-16,533.3330688476562,538.1699829101562,539.1500244140625,533.0,533.0800170898438,31979900
2024-12-17,530.9843139648438,535.7999877929688,537.47998046875,534.1300048828125,536.3599853515625,28579100
2024-12-18,511.8280334472656,516.469970703125,536.8800048828125,515.010009765625,535.1500244140625,54703200
2024-12-19,509.5486755371094,514.1699829101562,521.760009765625,513.8300170898438,521.1900024414062,46441800
2024-12-20,513.9984130859375,518.6599731445312,524.8200073242188,509.2900085449219,510.44000244140625,60530000
2024-12-23,519.0060424804688,522.8699951171875,523.25,516.1300048828125,519.5499877929688,29672800
2024-12-24,526.0436401367188,529.9600219726562,530.0499877929688,524.1900024414062,524.8300170898438,17558200
2024-12-26,525.6864013671875,529.5999755859375,531.239990234375,526.3099975585938,528.3200073242188,19090500
2024-12-27,518.6983642578125,522.5599975585938,526.4500122070312,517.8599853515625,526.010009765625,33839600
2024-12-30,511.7997131347656,515.6099853515625,519.3599853515625,511.8299865722656,515.510009765625,34584000
2024-12-31,507.45208740234375,511.2300109863281,517.6599731445312,510.260009765625,516.9000244140625,29117000
2025-01-02,506.4595031738281,510.2300109863281,516.6400146484375,505.7099914550781,514.2999877929688,36389800
2025-01-03,514.747802734375,518.5800170898438,519.6500244140625,512.530029296875,513.3499755859375,29059500
2025-01-06,520.663818359375,524.5399780273438,527.9199829101562,522.030029296875,524.02001953125,36109700
2025-01-07,511.3728942871094,515.1799926757812,525.989990234375,513.280029296875,525.5900268554688,36690300
2025-01-08,511.4623107910156,515.27001953125,516.9199829101562,510.57000732421875,515.0800170898438,30777800
2025-01-10,503.4419860839844,507.19000244140625,511.5799865722656,503.9200134277344,511.4800109863281,40532500
2025-01-13,501.823974609375,505.55999755859375,506.0199890136719,499.70001220703125,501.20001220703125,31694200
2025-01-14,501.3475646972656,505.0799865722656,510.1600036621094,501.5899963378906,508.739990234375,33737200
2025-01-15,512.8817138671875,516.7000122070312,517.8499755859375,511.4599914550781,513.030029296875,34957600
2025-01-16,509.2884521484375,513.0800170898438,519.0599975585938,512.9500122070312,518.97998046875,28229000
2025-01-17,517.8844604492188,521.739990234375,524.0700073242188,513.1099853515625,522.8499755859375,51837900
2025-01-21,520.9218139648438,524.7999877929688,525.969970703125,520.0599975585938,524.47998046875,23628000
2025-01-22,527.5823364257812,531.510009765625,533.8200073242188,529.260009765625,529.5700073242188,33593000
2025-01-23,528.703857421875,532.6400146484375,532.760009765625,528.4500122070312,529.0399780273438,23096600
2025-01-24,525.716064453125,529.6300048828125,533.7899780273438,528.1500244140625,533.02001953125,19878300
2025-01-27,510.4101257324219,514.2100219726562,517.989990234375,510.1499938964844,511.0,60771700
2025-01-28,517.9539184570312,521.8099975585938,523.0,511.7799987792969,515.219970703125,33194200
2025-01-29,516.9812622070312,520.8300170898438,522.5900268554688,516.9000244140625,522.4600219726562,26649000
2025-01-30,519.1847534179688,523.0499877929688,526.0999755859375,518.2100219726562,523.7100219726562,27431300
2025-01-31,518.4303588867188,522.2899780273438,531.52001953125,521.1900024414062,526.9199829101562,38755200
2025-02-03,514.2813110351562,518.1099853515625,520.8499755859375,511.04998779296875,513.469970703125,40580800
2025-02-04,520.59423828125,524.469970703125,525.1099853515625,518.22998046875,518.6300048828125,26046800
2025-02-05,522.9566650390625,526.8499755859375,527.010009765625,520.6199951171875,521.8200073242188,21134100
2025-02-06,525.6864013671875,529.5999755859375,529.8099975585938,525.739990234375,527.3599853515625,19434500
2025-02-07,519.0557250976562,522.9199829101562,532.0999755859375,522.1900024414062,530.1400146484375,29605500
2025-02-10,525.3388671875,529.25,530.3599853515625,526.75,527.219970703125,20852800
2025-02-11,524.0882568359375,527.989990234375,529.9199829101562,525.8300170898438,525.9600219726562,19325500
2025-02-12,524.3959350585938,528.2999877929688,529.1900024414062,521.9500122070312,522.2999877929688,25009400
2025-02-13,531.9397583007812,535.9000244140625,536.219970703125,529.1900024414062,529.97998046875,28714800
2025-02-14,534.1732177734375,538.1500244140625,538.8400268554688,535.6699829101562,536.010009765625,17862600
2025-02-18,535.3841552734375,539.3699951171875,540.0,536.0399780273438,539.72998046875,20565000
2025-02-19,535.5330200195312,539.52001953125,540.8099975585938,536.4600219726562,538.5700073242188,19666900
2025-02-20,533.2599487304688,537.22998046875,539.0999755859375,532.4600219726562,538.72998046875,26550800
2025-02-21,522.1923217773438,526.0800170898438,538.4000244140625,525.7100219726562,538.3800048828125,47093800
2025-02-24,516.0282592773438,519.8699951171875,529.0700073242188,519.530029296875,527.8800048828125,39268400
2025-02-25,509.52667236328125,513.3200073242188,519.3200073242188,509.44000244140625,519.239990234375,48940000
2025-02-26,510.75750732421875,514.5599975585938,519.6599731445312,511.3699951171875,515.530029296875,34457600
2025-02-27,496.5730895996094,500.2699890136719,519.0700073242188,500.04998779296875,518.1300048828125,52448000
2025-02-28,504.4147033691406,508.1700134277344,508.7799987792969,496.92999267578125,500.1300048828125,47654000
2025-03-03,493.3768615722656,497.04998779296875,513.0399780273438,493.5799865722656,511.5199890136719,44587200
2025-03-04,491.8879699707031,495.54998779296875,503.739990234375,487.739990234375,494.17999267578125,67875400
2025-03-05,498.3002624511719,502.010009765625,503.6300048828125,491.260009765625,496.20001220703125,46323700
2025-03-06,484.5923156738281,488.20001220703125,498.5799865722656,486.20001220703125,493.69000244140625,57574300
2025-03-07,488.15576171875,491.7900085449219,493.2799987792969,480.5299987792969,487.1600036621094,54714700
2025-03-10,469.2366027832031,472.7300109863281,483.9700012207031,468.6600036621094,483.45001220703125,76668000
2025-03-11,468.1149597167969,471.6000061035156,478.80999755859375,467.010009765625,472.3500061035156,68760800
2025-03-12,473.3956298828125,476.9200134277344,481.05999755859375,471.7900085449219,479.1600036621094,46971100
2025-03-13,464.8790588378906,468.3399963378906,476.2799987792969,466.42999267578125,476.25,46563300
2025-03-14,476.11541748046875,479.6600036621094,480.55999755859375,473.1199951171875,473.7300109863281,43563000
2025-03-17,479.202392578125,482.7699890136719,485.8399963378906,477.79998779296875,479.6099853515625,41744400
2025-03-18,471.03326416015625,474.5400085449219,479.6099853515625,472.4100036621094,479.4100036621094,39072300
2025-03-19,477.3363342285156,480.8900146484375,485.3299865722656,474.8699951171875,476.80999755859375,40430300
2025-03-20,475.7183837890625,479.260009765625,484.54998779296875,476.17999267578125,476.8800048828125,36780500
2025-03-21,477.2866516113281,480.8399963378906,481.6099853515625,472.9100036621094,474.0799865722656,42234900
2025-03-24,487.76043701171875,490.6600036621094,491.510009765625,484.3999938964844,487.739990234375,34567200
2025-03-25,490.5438537597656,493.4599914550781,493.6199951171875,490.4200134277344,491.3900146484375,26035200
2025-03-26,481.5175476074219,484.3800048828125,493.1600036621094,482.82000732421875,492.29998779296875,34627100
2025-03-27,478.7738342285156,481.6199951171875,486.5799865722656,480.25,482.4100036621094,33469800
2025-03-28,466.16876220703125,468.94000244140625,480.5199890136719,468.04998779296875,479.80999755859375,46363800
2025-03-31,466.14892578125,468.9200134277344,469.8599853515625,457.3299865722656,461.9200134277344,53000300
2025-04-01,469.90655517578125,472.70001220703125,473.6300048828125,464.4200134277344,467.29998779296875,41156200
2025-04-02,473.336181640625,476.1499938964844,479.55999755859375,465.8599853515625,466.1199951171875,49894500
2025-04-03,447.99676513671875,450.6600036621094,460.07000732421875,450.1400146484375,456.44000244140625,70456300
2025-04-04,420.17218017578125,422.6700134277344,440.3699951171875,422.6700134277344,438.1400146484375,117088400
2025-04-07,421.1861877441406,423.69000244140625,443.1400146484375,402.3900146484375,408.6600036621094,161557000
2025-04-08,413.60125732421875,416.05999755859375,443.1400146484375,409.7900085449219,438.1600036621094,101248100
2025-04-09,463.2461242675781,466.0,467.8299865722656,415.42999267578125,415.57000732421875,142876900
2025-04-10,443.54327392578125,446.17999267578125,455.5899963378906,432.6300048828125,453.55999755859375,108384100
2025-04-11,451.7146911621094,454.3999938964844,455.7900085449219,441.3299865722656,444.6499938964844,52483800
2025-04-14,454.7765197753906,457.4800109863281,465.04998779296875,452.6300048828125,464.4599914550781,43941200
2025-04-15,455.2834777832031,457.989990234375,462.3800048828125,456.1499938964844,458.5400085449219,35404200
2025-04-16,441.5550537109375,444.17999267578125,452.6199951171875,437.760009765625,449.0299987792969,48980600
2025-04-17,441.4755554199219,444.1000061035156,447.75,441.3599853515625,447.1700134277344,44837000
2025-04-21,430.55047607421875,433.1099853515625,439.0799865722656,427.92999267578125,438.2300109863281,44149300
2025-04-22,441.8533630371094,444.4800109863281,447.5799865722656,437.6199951171875,438.82000732421875,52304400
2025-04-23,451.87371826171875,454.55999755859375,463.3800048828125,452.8800048828125,458.1700134277344,55801100
2025-04-24,464.588134765625,467.3500061035156,467.6600036621094,455.8299865722656,456.4800109863281,45956100
2025-04-25,469.767333984375,472.55999755859375,473.0899963378906,465.3900146484375,466.9700012207031,38697100
2025-04-28,469.6182556152344,472.4100036621094,474.80999755859375,466.0299987792969,473.0299987792969,33550800
2025-04-29,472.7198181152344,475.5299987792969,476.4200134277344,469.5899963378906,470.1700134277344,30613100
2025-04-30,472.6601867675781,475.4700012207031,477.20001220703125,462.42999267578125,467.1300048828125,46810600
2025-05-01,478.8334655761719,481.67999267578125,487.17999267578125,480.739990234375,483.4100036621094,43316500
2025-05-02,485.94122314453125,488.8299865722656,490.9100036621094,484.8299865722656,486.5400085449219,39218100
2025-05-05,483.058349609375,485.92999267578125,489.0299987792969,484.1000061035156,484.6000061035156,28309500
2025-05-06,478.5650939941406,481.4100036621094,485.04998779296875,478.19000244140625,479.55999755859375,32786300
2025-05-07,480.4438781738281,483.29998779296875,485.79998779296875,476.7799987792969,482.0799865722656,38006300
2025-05-08,485.4044189453125,488.2900085449219,492.70001220703125,484.1700134277344,488.5299987792969,39577600
2025-05-09,485.0863037109375,487.9700012207031,491.5400085449219,486.20001220703125,490.2099914550781,27767400
2025-05-12,504.84881591796875,507.8500061035156,507.8900146484375,501.4800109863281,506.989990234375,45090600
2025-05-13,512.5430908203125,515.5900268554688,517.3900146484375,508.4200134277344,509.1600036621094,53269600
2025-05-14,515.6148681640625,518.6799926757812,519.22998046875,515.75,516.77001953125,47014500
2025-05-15,516.1814575195312,519.25,521.9299926757812,515.1699829101562,516.52001953125,50153300
2025-05-16,518.4281005859375,521.510009765625,521.7000122070312,517.0999755859375,520.6599731445312,48394600
2025-05-19,518.9252319335938,522.010009765625,522.530029296875,514.239990234375,514.239990234375,52536200
2025-05-20,517.1954345703125,520.27001953125,520.9299926757812,516.6599731445312,519.469970703125,42517600
2025-05-21,510.0081481933594,513.0399780273438,523.0,511.239990234375,516.27001953125,71292800
2025-05-22,510.9624938964844,514.0,517.7100219726562,512.2999877929688,513.6599731445312,55607200
2025-05-23,506.2306213378906,509.239990234375,511.8399963378906,505.5799865722656,506.17999267578125,58368100
2025-05-27,518.1397705078125,521.219970703125,521.7100219726562,514.5900268554688,516.1500244140625,47226300
2025-05-28,515.8433837890625,518.9099731445312,523.6799926757812,518.3900146484375,522.1799926757812,46637200
2025-05-29,516.857421875,519.9299926757812,526.47998046875,517.3200073242188,526.3300170898438,58513300
2025-05-30,516.0422973632812,519.1099853515625,520.6799926757812,511.92999267578125,519.4400024414062,67662800
2025-06-02,520.1180419921875,523.2100219726562,523.4500122070312,515.969970703125,517.239990234375,44762800
2025-06-03,524.183837890625,527.2999877929688,528.739990234375,522.6900024414062,523.5599975585938,44070300
2025-06-04,525.6452026367188,528.77001953125,529.8400268554688,525.969970703125,528.010009765625,41359300
2025-06-05,521.688720703125,524.7899780273438,533.0499877929688,522.6599731445312,530.1799926757812,61031200
2025-06-06,526.7883911132812,529.9199829101562,531.7999877929688,528.2100219726562,530.0,42467000
2025-06-09,527.5638427734375,530.7000122070312,532.3499755859375,529.010009765625,530.1400146484375,33688700
2025-06-10,531.0530395507812,534.2100219726562,534.9000244140625,528.8900146484375,531.1699829101562,40664800
2025-06-11,529.263671875,532.4099731445312,536.780029296875,530.1099853515625,535.6199951171875,53701000
2025-06-12,530.5062255859375,533.6599731445312,534.6400146484375,530.8400268554688,531.0900268554688,34104900
2025-06-13,523.8458862304688,526.9600219726562,531.8699951171875,525.72998046875,527.6799926757812,55814400
2025-06-16,531.132568359375,534.2899780273438,535.3699951171875,530.4500122070312,530.5,37622100
2025-06-17,525.9533081054688,529.0800170898438,533.3300170898438,527.9099731445312,531.7100219726562,42180900
2025-06-18,525.8638916015625,528.989990234375,532.5499877929688,527.4000244140625,530.0999755859375,43983500
2025-06-20,523.7167358398438,526.8300170898438,533.5599975585938,524.8800048828125,532.260009765625,61643500
2025-06-23,529.1017456054688,531.6500244140625,532.1699829101562,523.6500244140625,526.8099975585938,50666100
2025-06-24,537.1928100585938,539.780029296875,540.7000122070312,536.27001953125,536.8900146484375,45442000
2025-06-25,538.5661010742188,541.1599731445312,543.3099975585938,539.3800048828125,542.0599975585938,44804200
2025-06-26,543.6018676757812,546.219970703125,546.6699829101562,541.52001953125,543.3499755859375,43811400
2025-06-27,545.4629516601562,548.0900268554688,549.989990234375,544.5399780273438,547.260009765625,57577100
2025-06-30,548.9959106445312,551.6400146484375,552.7999877929688,549.010009765625,551.260009765625,45548700
2025-07-01,544.3682250976562,546.989990234375,550.7100219726562,544.6599731445312,549.72998046875,56166700
2025-07-02,548.159912109375,550.7999877929688,551.0,546.1199951171875,546.1599731445312,36538300
2025-07-03,553.553955078125,556.219970703125,557.2000122070312,553.1799926757812,553.1799926757812,26443500
2025-07-07,549.3840942382812,552.030029296875,554.3400268554688,549.5800170898438,553.52001953125,45349300
2025-07-08,549.6925659179688,552.3400268554688,554.010009765625,551.0999755859375,553.3800048828125,36153300
2025-07-09,553.5838623046875,556.25,557.6300048828125,553.0999755859375,554.47998046875,43045500
2025-07-10,552.7876586914062,555.4500122070312,557.2999877929688,552.75,556.8900146484375,34710900
2025-07-11,551.543701171875,554.2000122070312,555.7899780273438,552.0499877929688,553.2999877929688,39618600
2025-07-14,553.5440673828125,556.2100219726562,556.9500122070312,551.6300048828125,553.989990234375,36453300
2025-07-15,554.0515747070312,556.719970703125,560.7999877929688,556.6599731445312,560.25,43277700
2025-07-16,554.6187744140625,557.2899780273438,560.2100219726562,551.5599975585938,557.280029296875,52314700
2025-07-17,559.1072387695312,561.7999877929688,562.3099975585938,557.2100219726562,558.02001953125,40423800
2025-07-18,558.56982421875,561.260009765625,564.72998046875,559.97998046875,563.1199951171875,50484700
2025-07-21,561.4658813476562,564.1699829101562,566.0599975585938,562.0599975585938,562.0900268554688,39595200
2025-07-22,558.559814453125,561.25,564.3499755859375,558.6099853515625,564.2999877929688,43270600
2025-07-23,561.1076049804688,563.8099975585938,563.8499755859375,559.5800170898438,562.3400268554688,40215300
2025-07-24,562.3018798828125,565.010009765625,566.239990234375,563.2899780273438,565.1300048828125,42275500
2025-07-25,563.6553955078125,566.3699951171875,567.7000122070312,564.27001953125,564.9299926757812,30630800
2025-07-28,565.4168090820312,568.1400146484375,569.0399780273438,566.8699951171875,567.739990234375,31498700
2025-07-29,564.5410766601562,567.260009765625,572.1099853515625,566.530029296875,570.760009765625,45463300
2025-07-30,565.2974853515625,568.02001953125,570.6199951171875,565.0499877929688,568.1799926757812,43433800
2025-07-31,562.3018798828125,565.010009765625,574.6300048828125,563.8699951171875,574.5399780273438,64613600
2025-08-01,551.2252197265625,553.8800048828125,559.02001953125,551.6799926757812,558.8300170898438,69400800
2025-08-04,561.3961181640625,564.0999755859375,564.3200073242188,558.9500122070312,559.0499877929688,47669800
2025-08-05,557.5845947265625,560.27001953125,566.5599975585938,559.72998046875,565.3900146484375,48666600
2025-08-06,564.6007690429688,567.3200073242188,567.760009765625,560.6300048828125,561.1099853515625,41823700
2025-08-07,566.5115966796875,569.239990234375,573.3200073242188,565.1099853515625,571.6699829101562,44463000
2025-08-08,571.7960815429688,574.5499877929688,574.77001953125,570.1500244140625,570.4500122070312,35255500
2025-08-11,570.1041870117188,572.8499755859375,576.7999877929688,571.5700073242188,574.6900024414062,33112900
2025-08-12,577.2697143554688,580.0499877929688,580.3499755859375,572.489990234375,575.1599731445312,42143300
2025-08-13,577.558349609375,580.3400268554688,583.3200073242188,578.9400024414062,582.760009765625,41209300
2025-08-14,577.110595703125,579.8900146484375,581.8800048828125,577.9099731445312,578.280029296875,45425000
2025-08-15,574.5728149414062,577.3400268554688,579.8400268554688,575.5700073242188,579.7999877929688,49480200
2025-08-18,574.3438110351562,577.1099853515625,577.77001953125,575.239990234375,576.4400024414062,29831000
2025-08-19,566.5513916015625,569.280029296875,576.5599975585938,568.25,576.3900146484375,53752600
2025-08-20,563.1875610351562,565.9000244140625,568.4500122070312,558.8400268554688,568.3300170898438,76781100
2025-08-21,560.5802001953125,563.280029296875,566.489990234375,560.97998046875,564.3499755859375,46436900
2025-08-22,569.2284545898438,571.969970703125,573.989990234375,563.27001953125,564.6699829101562,51502100
2025-08-25,567.5863647460938,570.3200073242188,573.2899780273438,569.1599731445312,570.4000244140625,34044700
2025-08-26,569.8654174804688,572.6099853515625,572.9199829101562,568.7999877929688,569.8300170898438,34103000
2025-08-27,570.7412109375,573.489990234375,574.4099731445312,570.3699951171875,571.5900268554688,36927100
2025-08-28,574.31396484375,577.0800170898438,578.0,572.4600219726562,574.1099853515625,46787900
2025-08-29,567.6660766601562,570.4000244140625,575.030029296875,568.5399780273438,574.6599731445312,56030400
2025-09-02,562.9088745117188,565.6199951171875,565.969970703125,559.5399780273438,561.3099975585938,65876800
2025-09-03,567.3375854492188,570.0700073242188,571.7000122070312,566.72998046875,569.22998046875,54230200
2025-09-04,572.4728393554688,575.22998046875,575.5999755859375,569.030029296875,570.739990234375,47526300
2025-09-05,573.2988891601562,576.0599975585938,581.1199951171875,571.530029296875,580.489990234375,68342500
2025-09-08,576.0953979492188,578.8699951171875,580.8400268554688,577.77001953125,578.3699951171875,46371400
2025-09-09,577.7276000976562,580.510009765625,580.9400024414062,577.0399780273438,579.6699829101562,44007600
2025-09-10,577.9166259765625,580.7000122070312,583.77001953125,578.5499877929688,583.739990234375,49308000
2025-09-11,581.2804565429688,584.0800170898438,584.8800048828125,581.6199951171875,583.239990234375,44745800
2025-09-12,583.8479614257812,586.6599731445312,587.8599853515625,584.0999755859375,585.0399780273438,50745900
2025-09-15,588.843994140625,591.6799926757812,591.7899780273438,588.2899780273438,588.4400024414062,44360300
2025-09-16,588.3463134765625,591.1799926757812,592.8599853515625,590.489990234375,592.6099853515625,36942100
2025-09-17,587.172119140625,590.0,591.75,584.3699951171875,591.0999755859375,69384800
2025-09-18,592.466552734375,595.3200073242188,598.1400146484375,592.9600219726562,594.9099731445312,61069300
2025-09-19,596.4771728515625,599.3499755859375,600.0499877929688,595.8499755859375,597.3300170898438,58196100
2025-09-22,600.0083618164062,602.2000122070312,602.8699951171875,597.719970703125,597.739990234375,57154800
2025-09-23,596.02294921875,598.2000122070312,602.5700073242188,596.97998046875,602.3699951171875,64635500
2025-09-24,593.9305419921875,596.0999755859375,599.9000244140625,593.3599853515625,599.5800170898438,49850300
2025-09-25,591.3699340820312,593.530029296875,595.1199951171875,588.5,592.2000122070312,70920200
2025-09-26,593.801025390625,595.969970703125,596.2999877929688,591.0599975585938,594.3499755859375,54337400
2025-09-29,596.5509643554688,598.72998046875,602.0499877929688,597.4099731445312,599.1099853515625,48332900
2025-09-30,598.1849975585938,600.3699951171875,600.7100219726562,596.0999755859375,598.4299926757812,46533800
2025-10-01,601.0545043945312,603.25,603.7899780273438,596.3400268554688,597.1699829101562,46899600
2025-10-02,603.5255126953125,605.72998046875,607.1599731445312,602.9299926757812,607.0599975585938,43765400
2025-10-03,600.9848022460938,603.1799926757812,607.3300170898438,601.3900146484375,606.510009765625,46482100
2025-10-06,605.498291015625,607.7100219726562,609.3599853515625,605.969970703125,608.4500122070312,41962100
2025-10-07,602.3099975585938,604.510009765625,609.7100219726562,603.030029296875,609.02001953125,58209500
2025-10-08,609.2147216796875,611.4400024414062,611.75,605.260009765625,605.4099731445312,50629800
2025-10-09,608.4774169921875,610.7000122070312,611.6099853515625,607.47998046875,611.47998046875,45551000
2025-10-10,587.3545532226562,589.5,613.1799926757812,589.0499877929688,611.4000244140625,97614800
2025-10-13,599.8190307617188,602.010009765625,602.9500122070312,597.22998046875,599.6799926757812,65872600
2025-10-14,595.8236694335938,598.0,602.6900024414062,590.1300048828125,595.3099975585938,69203200
2025-10-15,600.0282592773438,602.219970703125,606.7000122070312,595.9299926757812,604.010009765625,62805500
2025-10-16,597.806396484375,599.989990234375,608.3099975585938,595.5,605.1099853515625,70982000
2025-10-17,601.7320556640625,603.9299926757812,605.510009765625,596.3699951171875,597.9500122070312,72024900
2025-10-20,609.3142700195312,611.5399780273438,612.7999877929688,607.0700073242188,607.1400146484375,45761700
2025-10-21,609.1549682617188,611.3800048828125,612.719970703125,609.3200073242188,611.6400146484375,44538200
2025-10-22,603.286376953125,605.489990234375,611.4099731445312,599.739990234375,610.8200073242188,61478800
2025-10-23,608.35791015625,610.5800170898438,611.3699951171875,604.52001953125,604.9099731445312,42844300
2025-10-24,614.8541259765625,617.0999755859375,618.4199829101562,615.1300048828125,615.989990234375,47632500
2025-10-27,625.80419921875,628.0900268554688,628.5499877929688,624.030029296875,624.52001953125,54098600
2025-10-28,630.6165161132812,632.9199829101562,634.6799926757812,629.25,630.3599853515625,61195700
2025-10-29,633.4562377929688,635.77001953125,637.010009765625,630.25,635.5900268554688,67422800
2025-10-30,623.7716064453125,626.0499877929688,633.5,625.9400024414062,632.1699829101562,61628600
2025-10-31,626.7805786132812,629.0700073242188,634.2000122070312,626.6900024414062,634.1699829101562,66305100
2025-11-03,629.779541015625,632.0800170898438,635.8200073242188,629.8499755859375,635.1099853515625,37154300
2025-11-04,616.996337890625,619.25,626.9500122070312,618.4600219726562,623.280029296875,63830800
2025-11-05,621.01171875,623.280029296875,626.5999755859375,617.2100219726562,618.489990234375,48688500
2025-11-06,609.4439086914062,611.6699829101562,622.0399780273438,610.2999877929688,621.7899780273438,72115100
2025-11-07,607.5208740234375,609.739990234375,609.9500122070312,598.6699829101562,608.3099975585938,81835400
2025-11-10,620.9617919921875,623.22998046875,624.3099975585938,616.8900146484375,618.9199829101562,55919900
2025-11-11,619.307861328125,621.5700073242188,622.719970703125,617.52001953125,620.5700073242188,44868800
2025-11-12,618.8196411132812,621.0800170898438,624.8599853515625,617.8099975585938,624.8400268554688,47444400
2025-11-13,606.1858520507812,608.4000244140625,618.1199951171875,606.0800170898438,617.5399780273438,71333600
2025-11-14,606.6441040039062,608.8599853515625,613.3499755859375,597.1699829101562,599.5499877929688,80087300
2025-11-17,601.4630126953125,603.6599731445312,612.47998046875,599.8699951171875,606.2999877929688,63850400
2025-11-18,594.1398315429688,596.3099975585938,602.3099975585938,591.3400268554688,599.6199951171875,83327300
2025-11-19,597.6868286132812,599.8699951171875,606.1599731445312,594.5900268554688,597.0700073242188,73111500
2025-11-20,583.5385131835938,585.6699829101562,614.030029296875,584.75,611.6199951171875,117743200
2025-11-21,587.9224853515625,590.0700073242188,596.97998046875,580.739990234375,587.469970703125,103344200
2025-11-24,602.9575805664062,605.1599731445312,606.6799926757812,595.1599731445312,595.280029296875,60168100
2025-11-25,606.6740112304688,608.8900146484375,610.260009765625,597.3200073242188,603.510009765625,57560900
2025-11-26,612.034423828125,614.27001953125,616.1900024414062,610.3900146484375,612.510009765625,42393600
2025-11-28,616.996337890625,619.25,619.3200073242188,615.4199829101562,616.1099853515625,23034400
2025-12-01,614.923828125,617.1699829101562,619.4400024414062,612.52001953125,613.6300048828125,40957600
2025-12-02,619.736328125,622.0,623.75,617.5900268554688,619.4600219726562,54541800
2025-12-03,621.2507934570312,623.52001953125,624.219970703125,618.030029296875,619.6199951171875,47841600
2025-12-04,620.6729125976562,622.9400024414062,624.9400024414062,619.5399780273438,624.9299926757812,47067800
2025-12-05,623.20361328125,625.47998046875,628.9199829101562,623.7100219726562,624.3800048828125,53614200
2025-12-08,622.008056640625,624.280029296875,628.8400268554688,621.6900024414062,627.2100219726562,43462400
2025-12-09,622.7752075195312,625.0499877929688,625.8699951171875,621.0,623.010009765625,37156000
2025-12-10,625.3258666992188,627.6099853515625,629.2100219726562,620.989990234375,623.8499755859375,55031400
2025-12-11,623.3032836914062,625.5800170898438,625.780029296875,617.719970703125,623.8200073242188,58272800
2025-12-12,611.3867797851562,613.6199951171875,623.5399780273438,611.3599853515625,622.0800170898438,75158700
2025-12-15,608.3179931640625,610.5399780273438,618.4199829101562,609.3200073242188,618.3699951171875,49538200
2025-12-16,609.5236206054688,611.75,613.510009765625,606.9099731445312,608.260009765625,55152800
2025-12-17,598.2247924804688,600.4099731445312,613.6500244140625,600.280029296875,613.0599975585938,70654300
2025-12-18,606.8931884765625,609.1099853515625,612.9299926757812,606.9199829101562,609.7999877929688,78875800
2025-12-19,614.8042602539062,617.0499877929688,617.6199951171875,611.8699951171875,611.9500122070312,60369800
2025-12-22,617.7513427734375,619.2100219726562,621.6500244140625,617.77001953125,621.3499755859375,43703100
2025-12-23,620.6444702148438,622.1099853515625,622.4099731445312,617.780029296875,618.2000122070312,41120400
2025-12-24,622.460205078125,623.9299926757812,624.280029296875,621.719970703125,621.989990234375,18468700
2025-12-26,622.4203491210938,623.8900146484375,625.52001953125,623.1400146484375,624.6599731445312,28959800
2025-12-29,619.4074096679688,620.8699951171875,622.780029296875,618.72998046875,620.0999755859375,32458300
2025-12-30,617.9707641601562,619.4299926757812,622.1799926757812,619.219970703125,619.8400268554688,31226800
2025-12-31,612.8628540039062,614.3099975585938,619.9600219726562,614.0499877929688,619.6500244140625,40746500
2026-01-02,611.6756591796875,613.1199951171875,622.8499755859375,610.1500244140625,620.0599975585938,61859200
2026-01-05,616.5341796875,617.989990234375,620.8099975585938,616.719970703125,619.3200073242188,46828400
2026-01-06,621.951416015625,623.4199829101562,624.02001953125,618.5399780273438,619.22998046875,43137500
2026-01-07,622.550048828125,624.02001953125,627.9400024414062,622.5599975585938,623.0399780273438,44880300
2026-01-08,619.0083618164062,620.469970703125,623.4199829101562,617.7999877929688,623.030029296875,50435900
2026-01-09,625.173828125,626.6500244140625,627.8900146484375,619.0599975585938,621.4099731445312,49688700
2026-01-12,625.6925659179688,627.1699829101562,628.8499755859375,622.260009765625,622.3099975585938,37388700
2026-01-13,624.7647705078125,626.239990234375,629.469970703125,623.7000122070312,627.27001953125,44481400
2026-01-14,618.0905151367188,619.5499877929688,623.4500122070312,614.5599975585938,622.239990234375,72598700
2026-01-15,620.3153076171875,621.780029296875,630.0,620.75,626.5999755859375,53934900
2026-01-16,619.7965087890625,621.260009765625,626.0800170898438,618.8800048828125,625.5,61058100
2026-01-20,606.6276245117188,608.0599975585938,615.0599975585938,607.0499877929688,610.530029296875,81988900
2026-01-21,614.8282470703125,616.280029296875,620.4199829101562,607.8599853515625,609.469970703125,79837900
2026-01-22,619.2976684570312,620.760009765625,622.4600219726562,617.780029296875,622.3499755859375,42254800
2026-01-23,621.2530517578125,622.719970703125,625.4000244140625,618.6500244140625,619.72998046875,43645800
2026-01-26,623.9866333007812,625.4600219726562,627.6099853515625,622.1199951171875,623.2100219726562,35983000
2026-01-27,629.6432495117188,631.1300048828125,632.0399780273438,627.3400268554688,628.9099731445312,38997200
2026-01-28,631.728271484375,633.219970703125,636.5999755859375,631.8099975585938,635.4600219726562,50691700
2026-01-29,627.9472045898438,629.4299926757812,633.6699829101562,618.27001953125,632.6500244140625,79944000
2026-01-30,620.405029296875,621.8699951171875,628.260009765625,619.2999877929688,625.7100219726562,65650700
2026-02-02,624.6650390625,626.1400146484375,628.489990234375,618.6599731445312,618.7000122070312,49020300
2026-02-03,615.0676879882812,616.52001953125,629.97998046875,610.9600219726562,628.2999877929688,81234000
2026-02-04,604.322998046875,605.75,615.0999755859375,600.469970703125,615.02001953125,81850700
2026-02-05,595.6235961914062,597.030029296875,604.8099975585938,594.760009765625,600.2100219726562,89354500
2026-02-06,608.2138671875,609.6500244140625,611.4099731445312,598.77001953125,600.1900024414062,78019300
2026-02-09,612.8728637695312,614.3200073242188,616.4600219726562,605.0700073242188,607.5399780273438,56797600
2026-02-10,610.029541015625,611.469970703125,617.02001953125,611.010009765625,615.3099975585938,53938900
2026-02-11,611.6657104492188,613.1099853515625,617.52001953125,607.6900024414062,616.3800048828125,58575100
2026-02-12,599.22509765625,600.6400146484375,615.8099975585938,599.5700073242188,614.7100219726562,81378900
2026-02-13,600.5020141601562,601.9199829101562,606.47998046875,596.4199829101562,600.4299926757812,69237500
2026-02-17,599.8834838867188,601.2999877929688,603.9500122070312,593.3400268554688,598.3800048828125,69013800
2026-02-18,604.3629760742188,605.7899780273438,609.77001953125,600.719970703125,602.1099853515625,64250700
2026-02-19,602.04833984375,603.469970703125,605.8200073242188,600.75,602.8099975585938,60960800
2026-02-20,607.3757934570312,608.8099975585938,610.3499755859375,599.22998046875,600.1199951171875,74127300
2026-02-23,599.9932250976562,601.4099731445312,608.010009765625,599.0499877929688,606.6099853515625,63859100
2026-02-24,606.4380493164062,607.8699951171875,608.989990234375,599.72998046875,602.4000244140625,55023700
2026-02-25,615.227294921875,616.6799926757812,616.8300170898438,611.0,611.0700073242188,55710700
2026-02-26,607.8048095703125,609.239990234375,615.5900268554688,603.97998046875,615.5900268554688,96178900
2026-02-27,605.8594360351562,607.2899780273438,608.3200073242188,602.1900024414062,602.97998046875,68125200
2026-03-02,606.6575317382812,608.0900268554688,609.9199829101562,597.989990234375,598.8599853515625,75264600
2026-03-03,600.162841796875,601.5800170898438,603.9600219726562,591.8699951171875,596.3300170898438,97015500
2026-03-04,609.3112182617188,610.75,612.8800048828125,603.4299926757812,604.1599731445312,70943900
2026-03-05,607.4755859375,608.9099731445312,612.760009765625,602.260009765625,607.4000244140625,89602400
2026-03-06,598.337158203125,599.75,606.0,598.3300170898438,600.3099975585938,86302300
2026-03-09,606.3283081054688,607.760009765625,609.27001953125,591.3300170898438,594.22998046875,93068200
2026-03-10,606.3383178710938,607.77001953125,613.2899780273438,605.4199829101562,607.780029296875,64078900
2026-03-11,606.2584228515625,607.6900024414062,612.4299926757812,605.030029296875,608.9500122070312,60114800
2026-03-12,595.85302734375,597.260009765625,604.1400146484375,597.0499877929688,602.760009765625,71836600
2026-03-13,592.3213500976562,593.719970703125,603.5999755859375,592.5700073242188,599.72998046875,63145500
2026-03-16,598.9656982421875,600.3800048828125,603.8599853515625,599.1099853515625,600.0399780273438,49077200
2026-03-17,601.8887939453125,603.3099975585938,605.9000244140625,601.8699951171875,603.1400146484375,47106600
2026-03-18,593.4986572265625,594.9000244140625,603.1599731445312,594.5599975585938,601.489990234375,56128000
2026-03-19,591.623046875,593.02001953125,595.7999877929688,587.0800170898438,589.510009765625,75597600
2026-03-20,580.6888427734375,582.0599975585938,591.1699829101562,578.5399780273438,591.0599975585938,91964700
2026-03-23,587.3545532226562,588.0,595.0800170898438,585.9600219726562,590.52001953125,89936100
2026-03-24,583.3389282226562,583.97998046875,587.9299926757812,581.9299926757812,584.8099975585938,57750900
2026-03-25,587.1747436523438,587.8200073242188,591.3699951171875,585.6900024414062,589.1400146484375,60475500
2026-03-26,573.1600952148438,573.7899780273438,584.6300048828125,573.4299926757812,582.5999755859375,81492100
2026-03-27,561.9624633789062,562.5800170898438,571.02001953125,561.5700073242188,570.8099975585938,82702200
2026-03-30,557.6671752929688,558.280029296875,568.0499877929688,555.5999755859375,567.3800048828125,70602600
2026-03-31,576.54638671875,577.1799926757812,578.6400146484375,564.2100219726562,564.2899780273438,95878000
2026-04-01,583.6685791015625,584.3099975585938,587.739990234375,580.4199829101562,581.47998046875,79435100
2026-04-02,584.3378295898438,584.97998046875,586.0499877929688,571.9199829101562,573.969970703125,50941700
2026-04-06,587.85400390625,588.5,590.6099853515625,584.6900024414062,586.22998046875,35108500
2026-04-07,587.9439086914062,588.5900268554688,588.97998046875,578.4000244140625,585.6400146484375,49948200
2026-04-08,605.4246826171875,606.0900268554688,609.9000244140625,602.1199951171875,608.7100219726562,63086000
2026-04-09,609.5202026367188,610.1900024414062,610.5,603.030029296875,605.9299926757812,37837500
2026-04-10,610.3992309570312,611.0700073242188,613.6699829101562,609.5800170898438,611.8400268554688,34038500
2026-04-13,616.7122802734375,617.3900146484375,626.739990234375,608.1099853515625,609.47998046875,32972100
2026-04-14,627.909912109375,628.5999755859375,628.5999755859375,620.0999755859375,620.219970703125,49921100
2026-04-15,636.7003173828125,637.4000244140625,637.8300170898438,628.2000122070312,629.0800170898438,50102400
2026-04-16,639.7669067382812,640.469970703125,642.1799926757812,635.260009765625,639.2100219726562,42320600
2026-04-17,648.1376953125,648.8499755859375,650.0,644.0700073242188,645.5900268554688,53488900
2026-04-20,646.0799560546875,646.7899780273438,648.760009765625,642.52001953125,648.0399780273438,37138500
2026-04-21,643.6226806640625,644.3300170898438,650.2000122070312,642.2100219726562,648.4099731445312,39580500
2026-04-22,654.390869140625,655.1099853515625,655.3300170898438,648.52001953125,650.1500244140625,37368400
2026-04-23,650.7048950195312,651.4199829101562,656.9199829101562,645.52001953125,653.5499877929688,40099800
2026-04-24,663.1512451171875,663.8800048828125,664.510009765625,656.530029296875,658.510009765625,45563100
2026-04-27,663.5008544921875,664.22998046875,664.4299926757812,660.6900024414062,663.4000244140625,32717000
2026-04-28,656.8281860351562,657.5499877929688,659.6400146484375,653.8099975585938,657.4099731445312,34147900
2026-04-29,660.84375,661.5700073242188,661.719970703125,656.5900268554688,658.6300048828125,31724900
2026-04-30,667.0069580078125,667.739990234375,668.9000244140625,657.5599975585938,665.3499755859375,40622200
2026-05-01,673.4099731445312,674.1500244140625,675.969970703125,668.7999877929688,669.1599731445312,39172600
2026-05-04,672.141357421875,672.8800048828125,676.72998046875,668.9000244140625,674.6599731445312,34542000
2026-05-05,680.8617553710938,681.6099853515625,682.77001953125,677.510009765625,677.9600219726562,37101100
2026-05-06,695.0062255859375,695.77001953125,695.9299926757812,686.47998046875,687.780029296875,38778500
2026-05-07,694.1771240234375,694.9400024414062,701.239990234375,691.77001953125,696.5800170898438,43779100
2026-05-08,710.44921875,711.22998046875,711.22998046875,699.5,699.9199829101562,44320400
2026-05-11,712.5069580078125,713.2899780273438,714.5900268554688,708.9099731445312,710.3599853515625,36019100
2026-05-12,706.463623046875,707.239990234375,710.1799926757812,696.6400146484375,708.219970703125,45873000
2026-05-13,713.9254760742188,714.7100219726562,716.6500244140625,704.8300170898438,709.9600219726562,40012500
2026-05-14,718.9998168945312,719.7899780273438,722.030029296875,714.219970703125,714.6199951171875,33327500
2026-05-15,708.1517944335938,708.9299926757812,715.1300048828125,705.5499877929688,710.1400146484375,51792700
2026-05-18,705.1051025390625,705.8800048828125,712.0700073242188,698.8499755859375,711.5399780273438,49834500
2026-05-19,700.7599487304688,701.530029296875,706.489990234375,695.25,699.8099975585938,46827500
2026-05-20,712.3671875,713.1500244140625,713.1500244140625,703.7899780273438,705.2899780273438,36779200
2026-05-21,713.7256469726562,714.510009765625,717.1199951171875,706.77001953125,708.989990234375,36415400
2026-05-22,716.7523193359375,717.5399780273438,722.1199951171875,715.9500122070312,718.0700073242188,33118600
2026-05-26,729.4783935546875,730.280029296875,731.1699829101562,724.1599731445312,725.9600219726562,34254700
2026-05-27,728.6492919921875,729.4500122070312,733.3200073242188,725.4400024414062,732.9600219726562,35148700
2026-05-28,734.79248046875,735.5999755859375,736.5999755859375,726.4099731445312,729.72998046875,32840000
2026-05-29,737.49951171875,738.3099975585938,741.6300048828125,735.25,737.8400268554688,37541700
2026-06-01,741.9246826171875,742.739990234375,745.6500244140625,735.989990234375,737.0399780273438,33890600
2026-06-02,745.3408813476562,746.1599731445312,746.4400024414062,739.22998046875,742.4000244140625,30085200
2026-06-03,743.39306640625,744.2100219726562,748.6500244140625,741.010009765625,747.3099975585938,40270200
2026-06-04,739.7969970703125,740.6099853515625,743.5,732.6199951171875,735.47998046875,40782600
2026-06-05,704.2860107421875,705.0599975585938,731.6900024414062,704.3200073242188,730.0599975585938,99606600
2026-06-08,715.283935546875,716.0700073242188,723.030029296875,713.0700073242188,717.8099975585938,47401500
2026-06-09,707.052978515625,707.8300170898438,725.6599731445312,686.3699951171875,722.97998046875,91932200
2026-06-10,692.9285278320312,693.6900024414062,711.280029296875,692.9299926757812,701.6599731445312,65334300
2026-06-11,716.332763671875,717.1199951171875,718.3699951171875,695.0,699.2899780273438,71798900
2026-06-12,720.5481567382812,721.3400268554688,724.010009765625,711.280029296875,717.6099853515625,51168400
2026-06-15,743.1832885742188,744.0,744.760009765625,737.3800048828125,738.0999755859375,46710200
2026-06-16,729.0587768554688,729.8599853515625,744.219970703125,729.6400146484375,742.25,45348700
2026-06-17,721.7168579101562,722.510009765625,735.6799926757812,720.8499755859375,735.1900024414062,51669300
2026-06-18,739.8070068359375,740.6199951171875,741.8200073242188,732.510009765625,737.2000122070312,50154600
2026-06-22,737.9500122070312,737.9500122070312,745.4500122070312,734.3900146484375,742.02001953125,43518600
2026-06-23,713.6500244140625,713.6500244140625,723.6099853515625,712.1099853515625,715.739990234375,53354200
2026-06-24,710.6199951171875,710.6199951171875,719.9299926757812,704.4500122070312,715.3699951171875,52480400
2026-06-25,716.3800048828125,716.3800048828125,726.8300170898438,705.2999877929688,725.9000244140625,49668000
2026-06-26,706.52001953125,706.52001953125,715.5599975585938,702.8099975585938,707.1300048828125,47081800
2026-06-29,724.0800170898438,724.0800170898438,724.5800170898438,705.1699829101562,713.989990234375,44939100
2026-06-30,736.4000244140625,736.4000244140625,737.6199951171875,723.9099731445312,724.1799926757812,42121800
2026-07-01,725.1699829101562,725.1699829101562,731.9199829101562,724.5999755859375,729.1900024414062,40803800
2026-07-02,712.5999755859375,712.5999755859375,730.8300170898438,707.5599975585938,725.5800170898438,50959800
2026-07-06,722.8200073242188,722.8200073242188,726.0800170898438,718.4500122070312,719.9299926757812,30220400
2026-07-07,709.4299926757812,709.4299926757812,716.3499755859375,704.9000244140625,714.1699829101562,42483100
2026-07-08,711.4400024414062,711.4400024414062,712.260009765625,700.9099731445312,704.9500122070312,35603200
2026-07-09,723.280029296875,723.280029296875,724.22998046875,715.1300048828125,718.3300170898438,33654700
2026-07-10,725.510009765625,725.510009765625,726.3900146484375,717.0,720.7000122070312,26415900
